ID,sex,wing,tars,bd,bl,LRS,longevity,MRS
A007114,F,710,230,43,134,1,1,1
A007116,F,740,235,44,136,0,1,0
A007117,M,790,240,46.5,136,0,1,0
A007119,F,735,235,43,135,0,1,0
A007120,F,730,240,45,143,0,1,0
A007121,F,750,240,42,130,0,1,0
A007123,F,740,240,43,133,0,1,0
A007127,M,770,245,46,132,0,1,0
A007129,F,740,240,43,139.5,0,2,0
A007130,M,770,245,45,138,0,1,0
A007131,F,750,235,43,135,1,1,1
A007132,M,770,250,44,132,2,1,2
A007133,M,760,240,45,129,3,5,0.6
A007134,F,760,240,44,133,0,1,0
A007145,F,700,230,45,132,0,1,0
A007146,F,780,240,45,139,0,1,0
A007147,M,770,245,46,136,0,1,0
A007148,M,750,240,45,129,0,1,0
A007149,M,755,230,44,131,2,1,2
A007150,F,750,235,44,130.5,2,3,0.666666666666667
A722028,F,740,225,44.5,137.5,0,1,0
A725950,F,720,220,44,131.5,0,1,0
B067118,F,735,230,43.5,139,1,1,1
B067120,F,700,235,44.5,129,1,1,1
B067121,M,750,240,45,137,1,1,1
B067122,F,730,235,45,137,2,2,1
B067123,F,720,230,43,133,2,1,2
B067124,F,730,230,43,136,1,1,1
B067125,M,760,240,45,132,0,1,0
B067126,F,740,230,45,137,0,1,0
B067127,F,720,230,43,136,0,1,0
B067128,F,730,230,43,130,0,1,0
B067129,F,740,230,42,138,2,1,2
B067130,F,730,220,43,136,1,1,1
B067131,F,750,230,42.5,135,0,2,0
B067132,F,720,230,43,133,4,3,1.33333333333333
B067133,F,730,235,43.5,130,0,1,0
B067134,M,760,240,47,128,0,1,0
B067135,F,720,230,46,140,1,2,0.5
B067148,F,720,225,42,130.5,0,1,0
B067149,M,760,235,46,133,3,3,1
B067150,F,735,240,44,134,0,1,0
B067479,M,760,235,44.5,131,1,1,1
B067499,F,730,230,42,136,0,2,0
NE93701,M,770,245,45.5,135.5,3,2,1.5
NE93706,F,750,245,45.5,139,0,1,0
NE93707,M,770,240,45,130,2,1,2
NE93709,F,740,235,44.5,137,1,1,1
NE93747,F,730,235,46,132,3,1,3
NE93805,F,740,240,43,131,1,2,0.5
NE93815,M,770,240,47,132,1,1,1
NE93818,M,760,240,47,135,0,1,0
NE93820,F,740,235,45,143,2,1,2
NE93836,M,770,240,46,127,4,1,4
NE93838,M,750,240,46,132,0,1,0
NE93841,F,730,235,44,135,2,1,2
NE93842,F,730,230,46,133,3,3,1
NE93853,M,765,235,47,128,1,1,1
NE93864,F,755,235,45.5,142,0,1,0
NE93865,M,780,250,47.5,140,2,2,1
NE93871,M,770,240,45.5,131,0,1,0
NE93874,F,720,225,45,132,1,1,1
NE93879,F,720,215,42,128.5,1,1,1
NE93881,M,750,240,49,131,2,1,2
NE93885,F,740,235,41,129,0,1,0
NE93888,M,770,245,45,129.5,1,1,1
NE93894,F,740,235,45,135,0,1,0
NE93911,F,750,240,42,131,0,1,0
NE93915,F,740,235,44,138,0,1,0
NE93916,M,760,245,46,133,0,1,0
NE93919,M,740,240,45,132.5,1,1,1
NE93920,F,720,230,42,137,0,1,0
NE93923,M,760,240,46,137,2,1,2
NE93935,M,750,240,46.5,132,0,1,0
NE93968,M,760,225,45,128,0,1,0
NE93986,F,710,230,45,134,3,3,1
NE93994,M,765,240,43,131,0,1,0
NE94000,M,750,240,45,136.5,0,1,0
NE94374,M,750,250,47,140,0,1,0
NE94424,M,785,240,45,132.5,0,1,0
NE94456,F,750,240,47,140,0,1,0
NE94487,F,740,235,45,133,0,2,0
NE95639,F,740,235,44,128.5,0,1,0
NE95658,F,720,235,45,132.5,2,1,2
NE95661,M,755,240,44,129,0,1,0
NE95665,F,730,230,44,136,1,1,1
NE95666,F,740,230,44,132,0,1,0
NE95671,F,740,230,46,138.5,2,1,2
NE95673,M,770,240,45,131,1,1,1
NE95679,M,740,240,45,123,1,2,0.5
NE95705,F,730,240,42.5,134,1,1,1
NE95715,F,740,230,44,133,1,1,1
NE95716,M,760,240,46,130.5,1,1,1
NE95717,F,730,230,44,134.5,7,5,1.4
NE95720,M,760,240,45,131,2,1,2
NE95727,M,750,230,46,131.5,0,1,0
NE95735,M,750,240,45,141.5,0,1,0
NE95737,M,770,245,46,138,1,2,0.5
NE95740,F,740,240,44.5,138,0,2,0
NE95748,M,780,240,45,132,0,1,0
NE95766,F,735,235,45,131,0,1,0
NE95782,M,760,240,47,136,1,1,1
NE95783,F,740,230,44,132,0,1,0
NE95791,M,760,245,45,133,2,1,2
NE95792,M,760,250,44,129,0,1,0
NE95801,M,790,245,46,130.5,0,1,0
NE95809,F,730,225,45,132,2,1,2
NE95816,F,750,235,44,140,0,1,0
NE95818,F,740,240,46,143,0,1,0
NE95823,M,770,255,47,135,0,1,0
NE95844,M,770,240,47,134,0,1,0
NE96179,M,790,240,46,128,1,1,1
NE96227,M,760,235,46,128,0,1,0
NE96253,F,710,230,44,141.5,0,1,0
NE96294,M,730,240,44,134,1,1,1
NE96300,F,740,230,42.5,135.5,1,2,0.5
NE96332,M,750,240,44.5,131,1,1,1
NE96333,M,750,230,43.5,130,2,1,2
NE96357,F,730,230,45,136,0,1,0
NE96375,M,740,235,45,128.5,1,2,0.5
NE96421,M,740,235,45,138,0,1,0
NE96423,M,760,235,47,131,0,1,0
NE96424,F,730,230,44,132,1,1,1
NE96464,F,750,230,43,132,1,1,1
NE96485,F,730,230,41,136,3,1,3
NE96489,F,740,230,45,138,1,1,1
NE96611,M,740,235,44,130,0,1,0
NE96615,M,760,235,43,130,0,1,0
NE96622,M,770,245,46,135,0,1,0
NE96644,F,710,225,42.5,132,1,1,1
NE96645,M,730,240,44,132,0,1,0
NK59258,M,770,240,47,128,0,1,0
NK59364,M,760,230,44,131,0,1,0
NK59385,F,750,235,43,134,1,1,1
NK59507,F,730,230,45,135,0,1,0
NK59522,F,720,235,43,139,1,2,0.5
NK59525,F,720,230,42,130.5,0,1,0
NK59537,M,745,240,47,133,0,1,0
NK59540,M,757.5,242.5,48.5,131,0,1,0
NK59541,M,750,240,45,134.5,1,3,0.333333333333333
NK59543,F,730,235,43,130.5,1,1,1
NK59547,M,760,240,47,134.5,0,1,0
NK59552,F,740,235,46,145,0,1,0
NK59554,F,735,235,45,139,0,1,0
NK59557,F,720,235,44,133,1,1,1
NK59558,F,720,240,43,131.5,1,1,1
NK59562,F,700,225,45,133,0,1,0
NK59564,M,740,240,45,131,3,2,1.5
NK59570,F,730,230,45,141,0,1,0
NK59575,M,760,240,47,132,2,2,1
NK59576,M,770,250,47,128.5,0,1,0
NK59581,M,760,245,46,138,0,2,0
NK59595,F,740,230,44,134,0,1,0
NK59598,F,750,235,44,135.5,0,1,0
NK59636,F,740,220,47,139,1,1,1
NK59671,M,750,235,47,129,1,1,1
NK59676,M,780,240,47,132.5,0,1,0
A725170,F,720,230,45,138,0,1,0
A725172,M,760,240,48,144,0,1,0
A725178,M,760,240,47,135,3,2,1.5
A725179,F,730,235,45,160,0,1,0
A725181,F,730,225,45,135.5,5,3,1.66666666666667
A725199,F,710,230,44.5,130,1,2,0.5
A725720,M,760,235,47,130,2,2,1
A725737,M,760,235,46,132,0,1,0
B068280,F,730,230,45,138,0,1,0
B068281,M,740,235,45,137,0,2,0
B068282,F,730,235,44.5,142,0,1,0
B068283,F,730,225,43,130,0,1,0
B069050,M,750,230,46,136,2,2,1
B069051,F,720,215,43,130,2,2,1
B069074,M,780,240,46,129,2,5,0.4
B069096,M,760,235,46,133,1,2,0.5
B069132,F,700,225,42,141,0,1,0
B069161,M,760,245,47,131,0,1,0
B069189,F,710,235,45,141,0,1,0
B069199,F,730,230,44,142,2,3,0.666666666666667
B069236,F,720,235,44,142,0,1,0
B069237,M,760,235,48,136,2,1,2
B069264,F,720,230,46,145,0,1,0
B069386,F,730,230,45,139.5,3,2,1.5
B069453,M,750,235,47,138,0,1,0
B069477,M,770,235,47,133,3,2,1.5
B069478,F,710,230,48,137,4,4,1
B069479,F,720,230,47,138,0,1,0
B069487,F,710,230,44,138,0,1,0
BA73160,M,750,240,49,139,1,2,0.5
NE95869,F,720,235,43,130,3,2,1.5
NE95870,M,730,230,44,135,0,1,0
NE95903,F,730,235,43,143.5,0,1,0
NE95906,M,760,240,45,133.5,3,3,1
NE95928,M,740,240,46,136,1,6,0.166666666666667
NE95936,M,760,240,46,134,2,2,1
NE96707,F,740,220,47,133,0,1,0
NE96929,M,750,230,45,130,6,4,1.5
NE96968,M,730,230,46.5,132.5,0,2,0
NE96970,M,750,240,45.5,135,0,1,0
NK59135,M,760,235,45,129,1,1,1
NK59205,F,730,235,46,130,1,4,0.25
NK59221,M,760,235,45,129,3,3,1
NK59246,F,730,230,44.5,136,10,5,2
NK59387,F,720,230,45,134,0,1,0
NK59395,F,720,220,44.5,130,0,2,0
NK59433,M,760,235,47,130,0,1,0
NK59434,F,720,230,46,128,5,3,1.66666666666667
NK59437,M,740,235,48,134,2,1,2
NK59460,F,720,230,47,135,1,3,0.333333333333333
NK59464,M,740,230,47,132,0,1,0
NK59465,M,750,235,45,128,0,1,0
NK59475,M,760,235,48,140,0,1,0
NK59762,F,750,230,46,139,0,1,0
NK59779,F,720,225,43.5,135.5,1,2,0.5
NK59807,M,760,235,47,136,0,1,0
NK59814,M,750,235,46,133,0,1,0
NK59818,F,740,230,44,134,0,1,0
NK59824,F,705,230,44.5,128.5,0,1,0
NK59853,F,730,225,45,133,0,1,0
NK59901,F,725,225,47,130.5,1,1,1
NK59930,F,720,235,45,135,0,1,0
NK59935,M,750,235,48,132,1,1,1
NK59938,M,770,235,45,137,0,1,0
NK59983,F,720,230,44,136,0,1,0
NK59999,M,780,235,47,137,3,2,1.5
NN30020,F,700,230,44,146,1,1,1
NN30039,F,725,230,45,139,0,1,0
NN30058,F,735,220,46,128,1,1,1
NN30072,F,740,230,45,138,0,1,0
NN30074,M,770,235,45.5,130,0,1,0
NN30085,M,740,240,48,137,1,1,1
NN30090,M,760,240,45,134,2,4,0.5
NN30152,F,715,225,45,138,3,1,3
NN30160,M,750,245,46,131.5,0,1,0
NN30165,M,750,235,47,142,0,1,0
NN30244,F,730,225,45,136,0,1,0
NN34061,F,720,225,45,145,1,1,1
NN34074,M,760,235,47,137,0,1,0
NN34133,F,720,230,44,146.5,0,1,0
NN34341,F,720,225,43.5,130,0,2,0
NN34533,F,710,225,45,128,0,2,0
NN34537,M,730,230,47,135,0,1,0
NN35059,F,710,235,44.5,138,1,1,1
NN35071,F,720,230,44,132,0,1,0
NN35081,M,740,230,46,132,1,3,0.333333333333333
NN35085,M,745,235,45,135.5,2,2,1
NN35097,F,740,240,45.5,153.5,2,2,1
NN35098,M,760,240,46,133,1,2,0.5
NN35120,F,740,230,45,139.5,9,4,2.25
NN35152,M,750,235,46,132,4,6,0.666666666666667
NN35203,M,780,245,47.5,133,1,1,1
NN35210,M,760,230,47,133,0,1,0
NN35245,F,720,230,44,135,0,2,0
NN35283,F,715,225,44,137.5,1,2,0.5
A007890,F,745,230,42,133,1,1,1
A724428,M,760,225,46,136,1,1,1
A724431,F,730,235,48,145,0,1,0
A725030,M,750,240,45.5,130,2,1,2
C375330,M,760,235,44.5,132,0,1,0
C375396,F,720,230,44,138.5,3,3,1
C375398,F,720,230,43.5,137,1,1,1
C696253,F,710,225,41,134,2,1,2
C696254,M,750,230,45,129.5,3,2,1.5
C696273,F,730,230,44.5,130,1,1,1
C696274,F,750,240,46,139,1,3,0.333333333333333
C696468,F,740,230,46.5,140.5,2,5,0.4
C696477,M,760,245,44,143,3,2,1.5
C696498,M,760,240,49,131,0,2,0
C696499,F,720,240,47,137,6,6,1
C716315,F,730,235,44,134.5,1,2,0.5
C716316,M,740,230,46.5,136,3,5,0.6
C716440,M,760,240,46.5,137,2,1,2
C716441,F,710,230,44.5,144.5,2,1,2
C716451,M,730,240,47,131,0,1,0
C716452,F,750,230,46,133.5,0,1,0
C716485,F,710,230,41,129,2,1,2
C716580,M,770,235,44,128,4,1,4
NE93611,F,720,230,43,139,2,2,1
NE93624,M,760,240,46,134,2,1,2
NN30386,F,720,230,42,134,1,1,1
NN34914,F,720,230,43,131,4,1,4
NN35387,M,760,235,46,133,1,1,1
NN35400,M,780,240,47,133,2,5,0.4
NN35453,M,755,245,47.5,134,0,1,0
NN35477,M,750,240,45,138,1,2,0.5
NN87003,F,740,230,42.5,133,2,1,2
NN87006,F,735,230,44,139,1,2,0.5
NN87008,F,730,230,41,138.5,0,1,0
NN87011,M,780,230,47,133.5,3,1,3
NN87022,M,750,235,47,135,2,3,0.666666666666667
NN87025,M,770,235,46,135,4,1,4
NN87029,M,740,235,48,132,6,3,2
NN87034,F,720,230,42,126,3,3,1
NN87035,M,770,235,47,136,3,2,1.5
NN87126,F,730,235,46,134,0,1,0
NN87168,F,730,240,45,144,0,2,0
NN87228,F,730,235,48,137,0,1,0
NN87240,F,730,225,45,136,3,3,1
NN87342,M,740,235,43,124,0,1,0
NN87537,F,740,240,42.5,133,3,2,1.5
NN87554,M,790,235,48,136,2,4,0.5
C695208,F,720,230,43,133,2,2,1
C695529,M,760,230,47,134,3,3,1
C695575,F,715,220,43,127,3,2,1.5
C695586,M,750,235,45.5,129,6,4,1.5
C695594,F,720,230,45,138,3,2,1.5
C695599,M,770,240,44,138,0,1,0
C695631,M,770,245,46.5,135,0,1,0
C716665,M,750,230,44,132,1,1,1
C716666,F,750,230,44,135,2,4,0.5
C716667,F,720,230,45,130,0,1,0
E066041,M,750,240,47,130,1,2,0.5
E066042,F,730,230,45,138.5,1,1,1
E066099,M,750,235,46,129,3,2,1.5
E066143,M,750,235,46,130,0,1,0
E066160,F,720,230,46,135.5,3,2,1.5
E066181,M,730,245,48,133,1,1,1
E066182,M,750,240,46,129,2,3,0.666666666666667
E066183,M,760,245,45,143,0,1,0
E066184,F,730,230,44,132.5,0,1,0
E066193,M,740,230,43.5,133,1,3,0.333333333333333
E067801,M,770,240,45,132,2,1,2
E067896,M,770,235,45,125.5,0,1,0
E067897,F,730,230,44,139.5,1,2,0.5
E067898,F,725,240,45,137,5,3,1.66666666666667
E067899,M,750,230,44.5,134,5,3,1.66666666666667
E067900,F,740,235,44.5,133,0,1,0
E068000,F,730,235,46.5,142,1,2,0.5
NC10769,F,740,230,45,133.5,0,1,0
NC10787,F,730,235,46,133,4,6,0.666666666666667
NE96849,M,740,230,44,134.5,2,1,2
NN86070,F,740,230,46,129,9,4,2.25
NN86097,M,760,230,46,133,1,1,1
NN86100,M,780,240,45,132.5,0,1,0
NN86105,M,770,240,45,127,0,1,0
NN86107,F,740,230,44,130.5,2,2,1
NN86112,F,730,230,45,126,2,2,1
NN86158,M,780,240,48,133,2,2,1
NN86191,M,780,240,44.5,133.5,5,4,1.25
NN86194,F,740,230,45,135,0,2,0
NN86198,F,710,230,45,137,0,2,0
NN86339,F,720,230,44,137,1,2,0.5
NN86602,M,770,240,46,134.5,0,1,0
NN86603,F,730,230,45,140.5,3,1,3
NN86754,M,760,235,46.5,128.5,0,3,0
NN86757,F,730,230,43.5,134.5,0,3,0
NN86758,F,740,220,45,134,0,1,0
NN86759,M,770,235,44.5,133,5,3,1.66666666666667
NN86773,M,750,230,47,138,4,1,4
NN86783,M,740,235,46,132,3,2,1.5
NN86817,F,750,230,43,133,3,2,1.5
NN86818,F,710,235,44,132.5,3,5,0.6
NN86902,F,740,235,44,135,4,5,0.8
NN86909,F,705,225,43,135,2,2,1
NN86931,M,745,235,46,136,0,2,0
NN86981,M,760,235,47,136.5,1,2,0.5
NN86996,F,710,230,42,134.5,4,4,1
NN87634,M,730,230,46.5,135,3,2,1.5
NN87761,F,730,240,46,140.5,0,1,0
NN87764,F,740,235,45,142.5,2,2,1
NN87826,M,790,250,45.5,137,0,1,0
NN88199,F,740,230,45,136,2,3,0.666666666666667
NN88256,F,740,230,44,133.5,5,3,1.66666666666667
NN88331,F,730,230,45,136.5,1,1,1
NN88411,F,730,230,46,134,4,2,2
NN88422,F,730,230,44.5,137,1,1,1
C375756,M,770,235,45,129,3,1,3
C375783,M,750,240,48,138,3,3,1
C695695,M,730,245,44.5,128,5,3,1.66666666666667
C695701,F,710,230,42,134,1,1,1
E029537,M,770,235,45,129.5,0,1,0
E066206,F,750,225,43,133,2,1,2
E066210,M,770,240,48,128,1,1,1
E066314,F,740,230,43.5,134,0,1,0
E066315,M,750,230,46,131,3,1,3
E066317,M,780,240,47,131,2,1,2
E066318,M,755,235,45,133,3,5,0.6
E066319,M,770,235,44,132,1,1,1
E066320,F,730,235,46,143,2,2,1
E066321,F,720,225,44,130,1,1,1
E066322,M,765,235,45,131,1,1,1
E066324,F,720,230,43,138,0,1,0
E066325,F,740,230,44,140,3,1,3
E066326,F,720,225,43,137.5,3,3,1
E066327,M,750,235,48,132,3,5,0.6
E066328,M,760,240,46,129,0,2,0
E066329,F,745,235,43,145.5,0,1,0
E066330,M,740,235,47,130,0,1,0
E067701,F,730,240,43.5,127,0,2,0
NE93650,M,750,230,44.5,130,3,3,1
NN34650,F,760,230,43,140.5,0,1,0
NN35518,M,770,240,46,131,2,1,2
NN35524,F,720,230,42,130,0,2,0
NN35619,F,710,225,41,129,0,1,0
NN35651,M,750,235,44.5,129,0,3,0
NN35675,M,770,240,49,141,2,1,2
NN35709,F,720,230,45,135,2,3,0.666666666666667
NN35755,F,750,240,44,130,0,3,0
NN35770,M,740,230,45.5,129,2,1,2
NN35778,F,750,240,46,140.5,2,3,0.666666666666667
NN35891,F,740,230,43,139,0,1,0
NN86422,F,710,230,43.5,133,1,1,1
NN86497,F,730,230,44,133.5,1,2,0.5
NN86685,M,760,240,46,139,2,1,2
NN87390,M,770,245,44.5,132,2,1,2
NN87943,F,740,230,45.5,132,5,4,1.25
NN87944,F,730,230,45.5,133,2,2,1
NN87945,F,710,225,43.5,132,1,1,1
VB54005,M,760,235,45,137,1,1,1
VB54007,M,770,235,45,134,1,2,0.5
VB54018,F,730,240,45,138,2,1,2
VB54035,M,780,240,44,133,1,1,1
VB54048,M,740,235,44.5,133.5,1,1,1
VB54060,F,755,230,45,132,2,1,2
VB54068,F,720,230,43,142,1,2,0.5
VB54074,M,745,240,46.5,136.5,2,3,0.666666666666667
VB54076,F,710,230,44,130,0,1,0
VB54083,M,770,230,45,132,2,2,1
VB54093,F,750,230,41.5,140,3,1,3
VB54096,F,740,230,42,139,0,1,0
VB54118,M,750,240,41.5,128,0,1,0
VB54122,F,730,230,42.5,132.5,1,1,1
VB54141,M,750,240,46,133,2,2,1
VB54142,F,735,235,44.5,139,0,2,0
VB54182,M,760,230,47,138,3,1,3
VB54184,F,735,225,45,140,1,1,1
VB54185,F,740,225,45.5,132,3,1,3
VB54186,F,740,235,44.5,129,4,3,1.33333333333333
VB54262,M,750,240,44.5,130,4,2,2
VB54316,F,730,225,44,134.5,3,2,1.5
VB54332,M,770,250,47,133,2,3,0.666666666666667
VB54341,M,770,240,45,129,1,1,1
VB54389,M,760,225,43,124,0,1,0
VB54439,F,730,235,44,148,2,1,2
VB54444,M,760,240,46,139.5,0,1,0
VB54447,M,770,245,45,143,2,1,2
VB54448,M,780,240,46,135,2,3,0.666666666666667
VB54463,F,720,230,41,128,0,3,0
VB54494,M,750,235,46.5,135,4,2,2
VB54508,F,710,230,44.5,143,0,1,0
VB54542,M,755,230,45,132,4,2,2
VB54909,M,750,240,47.5,134.5,0,1,0
VB54910,F,720,225,43.5,127,0,1,0
A723150,F,715,225,42,132,0,2,0
C716895,F,720,220,44.5,132,1,3,0.333333333333333
C716898,F,720,230,44,139,1,1,1
E587169,M,790,235,45,139,0,1,0
E587202,M,770,240,47.5,139.5,0,1,0
E587208,F,740,235,44,132,0,2,0
E587250,M,750,230,45,137,1,1,1
E587270,M,790,250,47,133.5,0,1,0
E587271,F,710,230,45,138,0,1,0
E587298,F,750,235,43,140,0,1,0
E587300,F,730,225,43,136,0,1,0
E956074,M,770,240,48,135,2,2,1
E956108,M,770,240,49,141,0,3,0
E956214,F,730,230,45,143,2,1,2
E956215,F,715,230,45.5,137.5,0,2,0
E956216,F,750,235,45,143,5,7,0.714285714285714
E956217,M,780,235,46,138,0,3,0
E956248,F,725,225,43.5,140.5,1,1,1
E956250,M,780,240,44,136,0,1,0
E956267,M,775,235,48,132,1,1,1
E956277,M,750,235,47.5,133,1,2,0.5
E956281,F,780,230,47,133,2,2,1
E956282,M,760,240,46,133,0,1,0
E956292,M,780,235,46,134,0,1,0
E956302,F,770,240,46,139,0,1,0
E956327,M,760,240,46,139,0,1,0
E956329,F,730,230,45,138,0,1,0
E956346,F,710,225,45,136,1,1,1
E956347,F,730,230,42.5,133.5,0,1,0
E956350,F,740,230,43.5,138,2,1,2
E956351,F,710,215,43.5,129.5,0,1,0
E956352,M,770,240,46,132,0,1,0
NN86723,M,740,240,46,136,2,1,2
NN86750,F,740,230,43.5,146,1,2,0.5
NN87852,M,740,230,46,126,0,1,0
NN87862,F,730,215,47.5,135,0,1,0
NN87891,M,760,245,48,138,2,1,2
NN87895,M,740,240,45.5,133,0,1,0
NN87896,F,730,235,45,136,0,1,0
NN88452,F,730,225,45,142,1,3,0.333333333333333
NN88514,M,765,245,46,138,0,2,0
NN88529,F,730,230,45,144,2,2,1
NN88530,F,710,230,45,145,1,1,1
NN88562,M,770,240,47.5,138,1,1,1
NN88664,M,780,225,48,134,0,1,0
NN88667,F,720,225,46,138.5,1,1,1
NN88690,M,770,230,48.5,140.5,1,1,1
NN88703,F,730,235,44,130,0,1,0
NN88713,F,730,230,43,137,0,1,0
NN88716,M,740,230,46,134,0,1,0
NN88720,F,735,230,42,134,3,3,1
NN88724,M,770,230,45,134,2,2,1
NN88726,F,720,220,44,130,0,1,0
NN88737,M,755,235,47,135,1,1,1
NN88750,M,760,240,46,134.5,8,7,1.14285714285714
NN88885,M,760,245,46.5,130.5,0,3,0
NN88895,M,775,240,48,137.75,4,4,1
NN88899,M,770,230,46,136,3,3,1
NN88904,M,750,230,46,134.5,0,1,0
NN88912,F,730,225,45.5,139.5,0,1,0
NN88916,M,770,240,45.5,144,1,2,0.5
NN88924,F,740,235,45.5,147,0,1,0
NN88952,F,725,225,44,131,1,2,0.5
NN88953,M,760,230,45,125,3,2,1.5
NN88962,F,720,235,44.5,137.5,0,1,0
NN88967,F,730,230,41,139,1,1,1
NN88977,F,740,230,44,132,1,1,1
NN88979,M,770,230,46.5,133.5,0,1,0
VB54579,M,770,240,46.5,135,2,3,0.666666666666667
VB54592,M,755,240,46.5,146,0,2,0
VB54600,F,730,230,45,131,1,1,1
VB54649,F,720,230,46,137.5,0,3,0
VB54668,M,760,240,46.5,140,0,1,0
VB54697,M,755,240,45,132,0,1,0
VB54715,M,760,235,47,133,0,1,0
VB54734,F,730,225,42,141,0,1,0
VB54792,F,750,230,45,132,0,1,0
VB54815,F,710,230,45.5,141.5,0,1,0
VB54865,M,760,235,44.5,138.5,2,1,2
VB54869,M,755,230,46,139,1,2,0.5
VB54882,M,780,235,44.5,137,0,1,0
VB55014,M,760,235,47,133,0,1,0
VB55016,M,760,235,48,130,0,1,0
VB55018,M,760,240,46.5,132,3,3,1
VB55041,F,720,225,43.5,133,0,1,0
VB55045,M,740,235,48,129.5,0,1,0
VB55053,M,750,235,47,134,1,1,1
VB55076,M,750,230,46.5,140,3,4,0.75
VB55079,F,725,225,44,136,0,1,0
VB55136,F,730,230,45,133,0,1,0
VB55241,M,770,240,46,134,1,1,1
VB55254,F,750,230,46.5,140.5,1,1,1
VB55287,F,730,230,45,140.5,0,1,0
VB55371,F,750,235,47.5,133,0,1,0
VB55428,F,730,240,45,139.5,0,2,0
VC47008,F,765,230,45.5,139,1,1,1
VC47011,F,750,235,46.5,139.5,0,1,0
VC47015,M,740,235,46,135,1,1,1
VC47018,M,770,240,45,131.5,1,1,1
VC47020,F,760,230,45,125,0,1,0
VC47059,F,710,230,45.5,145.5,4,6,0.666666666666667
VC47077,F,730,230,47.5,140.5,0,1,0
VC47081,F,740,235,45,138.5,1,1,1
VC47082,F,745,230,43,135,1,1,1
VC47094,F,740,225,45.5,136,0,1,0
VC47098,M,750,230,44.5,133.5,1,1,1
VC47106,M,755,235,45,139,0,1,0
VC47114,F,735,225,46,138.5,4,5,0.8
VC47117,M,760,235,47.5,134,0,1,0
VC47121,M,770,245,48,139,0,2,0
VC47150,M,750,230,46.5,133.5,0,1,0
VC47168,F,735,230,43,139.5,7,4,1.75
VC47196,M,760,235,48,138,0,1,0
E906920,F,730,230,44,131.5,2,1,2
E906933,F,730,230,44,136.5,0,1,0
E906935,F,710,220,44,132,0,1,0
E906949,M,740,240,45,134,4,2,2
E906950,F,740,230,44,135,1,1,1
E906964,F,720,220,43,135,1,1,1
E906965,M,750,240,45,130,2,2,1
E906976,F,740,230,43,140,0,1,0
E906977,F,700,220,45,136,1,2,0.5
E906978,F,720,225,45,140,3,1,3
E906988,F,755,220,46,135,0,1,0
E906990,M,770,240,46.5,136,0,1,0
E906992,F,710,220,41.5,140,0,1,0
E906993,M,750,250,47,141,3,2,1.5
E906994,M,780,240,47,140,0,1,0
E906996,F,730,225,45,140,0,1,0
E906998,M,770,240,46,140,1,1,1
E906999,F,720,230,44,134.5,0,1,0
E956473,M,770,245,46,137,0,1,0
E956474,F,730,240,44,134.5,2,3,0.666666666666667
E956520,F,740,230,47,135,3,3,1
E956523,M,750,245,47,137,0,1,0
E956524,M,760,240,48,140,0,2,0
E956551,M,760,240,46,136.5,0,1,0
NN87841,M,770,240,46,144,0,1,0
VE26006,M,735,230,47.5,130.5,0,1,0
VE27025,F,710,230,43,139,0,1,0
VE27042,M,780,240,47,130,2,2,1
VE27048,F,760,235,45.5,158,0,1,0
VE27061,F,730,230,44,137,0,1,0
VE27069,F,730,230,44,135,4,3,1.33333333333333
VE27083,M,770,240,47.5,138,4,2,2
VE27086,F,740,225,48,142,0,1,0
VE27090,M,770,240,47.5,142.5,4,2,2
VE27092,F,750,230,48,139,0,1,0
VE27101,F,720,225,43,135.5,2,2,1
VE27123,F,730,230,43,134,1,1,1
VE27149,M,750,240,45,138,0,1,0
VE27161,F,720,230,43.5,130,1,3,0.333333333333333
VE27206,F,730,235,45,137,0,1,0
VE27235,M,760,240,46.5,136,2,2,1
VE27246,F,730,225,44,136,2,1,2
VE27255,F,750,230,44.5,136,3,1,3
VE27315,M,770,240,46.5,140,4,6,0.666666666666667
VE27377,M,755,240,44.5,133,0,1,0
VE27381,F,740,235,45,140,0,2,0
VE27454,F,735,230,45.5,144.5,1,1,1
VE27457,M,760,235,45,131.5,1,1,1
VE27498,M,760,245,47,138,1,1,1
VE27515,M,750,240,45.5,128,0,1,0
VE27552,M,760,230,46,145,0,2,0
VE27565,F,750,230,45,134,3,1,3
VE32530,F,740,235,45,144,2,1,2
VE32576,F,720,240,44,144,0,1,0
VE33108,F,725,230,44.5,137,2,2,1
VE33122,F,720,225,45,139,0,1,0
VE33515,F,720,220,42,131,0,2,0
VE33634,F,720,230,43,144,3,1,3
VE33732,F,730,230,45.5,138.5,1,2,0.5
E956806,M,760,240,46,136,0,1,0
E956819,M,750,240,45,137,0,1,0
E956867,F,710,215,43,129,0,1,0
E956947,F,740,220,43.5,138,1,1,1
E956948,M,730,230,44.5,126,0,1,0
E956957,M,730,230,44,134.5,0,1,0
E956958,F,735,220,42,140,0,1,0
E956991,F,740,235,44.5,136,1,1,1
E956992,F,725,225,45.5,138,1,1,1
E956994,M,770,240,44,135,1,1,1
E956995,M,765,240,47,135,2,1,2
E956997,M,770,245,44.5,132,0,1,0
E956998,F,715,225,46.5,143,0,1,0
E956999,F,740,235,45,143,5,2,2.5
E957000,M,760,245,48,138,0,1,0
F464340,F,730,240,45,140,0,1,0
F491101,M,750,250,46,130.5,0,1,0
F491248,M,765,240,45.5,136,0,1,0
F491309,F,750,235,45,136,0,1,0
F937184,F,740,225,45,143,0,1,0
F937185,M,770,230,44.5,138.5,0,1,0
F937300,M,760,235,48,141,0,4,0
VC47256,M,760,245,46,140,0,1,0
VC47261,F,730,230,48,147,0,1,0
VC47268,F,735,235,45,143,1,1,1
VC47273,M,780,240,46,139,0,1,0
VC47284,M,770,240,45,127.5,0,1,0
VE26021,M,760,245,47,137,0,1,0
VE26050,F,735,240,45,140,0,1,0
VE26299,F,705,215,43.5,130,1,1,1
VE26451,M,750,245,46,137,0,1,0
VE26457,M,740,240,45,137,1,1,1
VE27712,F,740,230,45,137.5,0,1,0
VE27715,M,760,240,45,132,1,1,1
VE27746,M,760,240,46,144,1,1,1
VE27747,F,730,225,45,135,1,2,0.5
VE27777,F,720,235,43.5,143,0,1,0
VE27778,M,750,240,45,135,1,1,1
VE27792,F,730,235,43,137,0,1,0
VE27810,F,740,230,44,140,0,1,0
VE27812,F,720,225,46.5,137.5,1,1,1
VE27827,M,750,240,44.5,132,0,1,0
VE27848,M,770,230,44,141,1,1,1
VE27854,M,760,240,48,142,2,1,2
VE27865,F,720,230,43.5,134.5,5,3,1.66666666666667
VE27873,M,770,230,47.5,135,0,1,0
VE27883,F,700,230,42,135,2,1,2
VE27976,F,760,235,44,142,0,1,0
VE32776,M,760,230,46,135,0,1,0
VE32800,F,740,235,45,136,0,1,0
VE32839,M,740,240,48,138,0,1,0
VE32861,F,730,235,42,132,3,2,1.5
VE33144,F,730,230,46,141,1,1,1
VE33150,M,760,240,45,136,1,1,1
VE33157,F,750,230,44,135,0,1,0
VE33205,F,720,230,44,134,1,1,1
VE33226,F,740,225,44,139,3,3,1
VE33227,M,760,235,48,135,0,1,0
VE33228,F,730,215,46,137,2,2,1
VE33274,F,720,230,44,135,2,3,0.666666666666667
VE33332,F,735,230,43,140.5,1,2,0.5
VE33334,F,725,235,44,136,1,1,1
VE33375,M,760,235,45.5,135,1,1,1
VE33384,F,730,230,46,139,1,1,1
VE33386,M,760,240,48,140,7,3,2.33333333333333
VE33388,F,740,235,47,137,3,5,0.6
VH12250,M,750,235,44,132,0,1,0
VH12260,M,770,235,45,134,0,1,0
F937863,F,715,225,42.5,133.5,4,4,1
F937887,M,760,235,45,133.5,0,1,0
F937888,F,740,225,45,144,5,3,1.66666666666667
F937889,M,780,240,45,139.5,0,1,0
F937891,M,760,240,46,130,2,1,2
F937894,M,750,240,47,136.5,3,6,0.5
F937896,F,730,230,45,149.5,0,1,0
F937899,M,750,240,47,141,6,3,2
F937900,M,740,230,46,138,1,1,1
F952559,M,770,245,46.5,139,2,2,1
VE26178,M,740,235,43,130,3,2,1.5
VH84013,F,740,225,45,146,2,2,1
VH84051,F,730,235,46,137,3,5,0.6
VH84072,M,740,235,42.5,133,6,1,6
VH84235,F,735,230,43,138,2,1,2
VH84248,M,760,235,43,137,1,2,0.5
VH84293,F,740,225,45,137.5,0,1,0
VH84357,F,750,230,45,132,1,1,1
VH84373,M,750,240,44.5,129.5,1,1,1
VH84434,M,755,230,43,134,2,2,1
VH84510,F,740,230,44,139.5,1,1,1
VH84516,F,725,230,42,145,7,3,2.33333333333333
VH84517,M,760,240,43,140,2,5,0.4
VH84643,F,720,230,43.5,136,4,5,0.8
E066365,M,760,235,48.5,136,0,2,0
E066379,F,730,235,45,140,2,2,1
F465930,F,730,235,45,139.5,2,1,2
F465932,M,750,240,48,139.5,3,2,1.5
F465933,M,750,220,45,133.5,2,2,1
F465934,F,740,225,45,139,2,1,2
F465935,F,720,225,45,138,3,4,0.75
F465936,M,750,230,47,135,3,3,1
F465943,M,760,240,45,137,1,1,1
F877322,F,700,220,43.5,138,3,1,3
F937933,M,740,240,46,134.5,2,1,2
F952678,F,740,220,44.5,136.5,2,1,2
F952679,F,720,225,44.5,139,0,1,0
F952680,M,750,235,47,136.5,1,2,0.5
F952682,F,730,240,46,142,0,1,0
F952683,F,740,240,47,139,1,1,1
F952684,F,745,230,44.5,131,10,5,2
F952685,F,740,235,44.5,133,1,1,1
F952687,M,750,230,45,134,1,2,0.5
F952688,F,745,235,45.5,136,0,4,0
F952689,F,740,235,46.5,135.5,6,6,1
F952690,F,720,225,45,139.5,1,1,1
F952691,M,760,240,48.5,135,3,1,3
F952692,F,725,225,44.5,137,1,2,0.5
F952693,M,730,220,45.5,129,0,1,0
F952694,F,750,235,46,146,0,1,0
F952696,M,740,240,45.5,133,1,1,1
F952697,F,680,220,46,138,0,3,0
F952698,M,770,240,47.5,129.5,0,1,0
F952699,M,775,235,47,129,4,4,1
F952700,F,750,240,47,140,2,1,2
H300314,M,790,240,46,136,0,1,0
H300321,M,750,235,46.5,133,0,1,0
H300346,M,770,240,45,129.5,0,1,0
VH12302,M,760,235,46.5,137,2,2,1
VH12323,M,740,240,47,136,3,3,1
VH12327,F,715,230,43.5,135,3,1,3
VH12329,F,730,230,46,138,4,1,4
VH12334,F,730,240,45,136.5,1,1,1
VH12337,F,720,240,44,133,5,4,1.25
VH12346,M,750,240,48,138.5,1,1,1
VH12355,M,760,240,47.5,135.5,0,1,0
VH12356,M,780,230,48,135,5,2,2.5
VH12363,F,730,230,45,139,7,5,1.4
VH12368,M,760,240,46.5,138.5,1,1,1
VH12377,F,720,235,42.5,128.5,0,3,0
VH12385,F,750,225,44.5,130,2,3,0.666666666666667
VH12391,M,770,235,45,131,2,1,2
VH12392,M,750,235,45,134,4,2,2
VH12393,F,730,225,45,135,1,1,1
VH12395,F,740,230,45,141,3,3,1
VH12399,F,740,230,48,135,0,2,0
VH12400,M,750,240,46,130,0,1,0
VH21101,M,750,235,46,132,0,1,0
VH21500,F,720,235,44,136,1,1,1
VH83256,F,745,230,45.5,145,1,1,1
VH83809,F,750,230,46.5,144.5,7,4,1.75
VH83820,M,760,240,48,140,12,7,1.71428571428571
VH84759,M,770,240,44,133,0,2,0
VH84760,F,750,230,46,142,5,2,2.5
VH84762,F,735,235,43,133,4,2,2
VH84785,M,770,235,46.5,133,0,2,0
VH84885,F,740,230,46.5,132,1,2,0.5
VH84892,F,735,230,43,140,0,1,0
VH84909,M,750,240,44.5,136.5,2,2,1
VH84910,M,760,235,44,136,4,4,1
VH84913,M,750,240,44,137,1,2,0.5
VH84915,F,730,227.5,42.75,138.5,1,1,1
VH84916,M,750,240,47,136.5,2,1,2
VH84918,M,760,240,44,130,2,1,2
VH84941,F,730,230,45,138.5,5,3,1.66666666666667
VH84954,M,760,230,48,135.5,0,1,0
VH84956,F,745,230,45,136,2,2,1
VH84962,M,750,240,45,134,4,3,1.33333333333333
VH84971,F,750,230,45,139,0,1,0
VH84975,F,740,230,44,135,0,2,0
VH84976,F,730,235,45,135,0,1,0
VH84979,F,765,235,45,142,0,1,0
VH84983,M,790,240,46,135.5,0,1,0
VH84984,M,800,240,45,139.5,5,3,1.66666666666667
VH84988,F,730,235,44,136,0,1,0
VH84989,M,760,240,46,138,4,3,1.33333333333333
VH84996,M,785,240,47.5,143,1,1,1
VH99032,M,770,240,49,139,4,2,2
VH99812,F,730,230,44,135,1,1,1
VH99823,M,760,235,46,132,2,1,2
VJ57840,F,730,225,44,136,0,1,0
E509091,M,750,230,48,134.5,3,6,0.5
E509099,M,770,245,45,133,2,1,2
F465971,M,750,240,48,129.5,2,1,2
F952845,M,760,240,45,136,0,1,0
F952874,F,730,230,44,134,2,1,2
F952879,M,770,240,47,134,0,1,0
F952899,M,775,235,45.5,132,2,1,2
F952900,F,740,230,46,131,4,4,1
H300391,F,735,230,44,134,9,4,2.25
H300501,M,780,240,46,136,0,1,0
H300511,F,740,230,44,136,7,4,1.75
H300512,M,750,235,47,134.5,6,7,0.857142857142857
H300513,F,740,225,43,135,1,1,1
H300515,F,770,230,43,146,1,2,0.5
H300517,F,740,230,44,141,5,3,1.66666666666667
H300519,M,740,240,47,132,1,1,1
H300520,M,750,240,45,132,2,1,2
H300521,F,740,230,48,142,6,3,2
H300522,M,730,235,46,130,1,2,0.5
H300524,M,800,240,46.5,128,2,2,1
H300525,F,740,230,44,137,2,2,1
H300527,M,745,230,45.5,131,2,1,2
H300531,M,770,230,46,127.5,1,1,1
H300532,F,740,230,48,142,1,2,0.5
H300533,F,735,230,44,130,0,1,0
H300534,F,730,230,45,128.5,0,2,0
H300535,F,760,230,45,140,0,1,0
H300537,F,740,235,44,135,1,1,1
H300538,M,740,225,46,134.5,1,4,0.25
H300539,F,730,230,44,131,0,2,0
H300540,F,755,240,46,141,2,2,1
H300541,F,730,235,44,145,2,1,2
H300543,M,760,245,45,136,4,5,0.8
H300544,F,740,235,45,145,1,1,1
H300545,M,745,245,48,134,4,2,2
H300546,F,730,230,45,136,3,2,1.5
H300547,F,720,230,47,136.5,5,4,1.25
H300548,M,760,240,47.5,134,4,3,1.33333333333333
H300549,F,720,230,46,132,1,1,1
H300550,M,770,240,48,136,1,2,0.5
H300551,M,750,235,49,133,0,2,0
H300552,M,775,240,45,125,1,1,1
H300553,M,785,240,45,134,0,1,0
H300554,F,730,230,44,136.5,0,2,0
H300555,M,760,230,47,134.5,1,1,1
H300556,M,775,240,48,131,0,1,0
H300557,F,740,235,46,130,0,4,0
H300558,F,735,230,45,140,5,6,0.833333333333333
H300559,F,720,220,45,133,2,2,1
H300560,M,750,235,45,129.5,2,1,2
H300561,F,750,230,47.5,138.5,2,1,2
NN30558,M,760,240,46.5,130,1,2,0.5
NN30562,F,750,230,47,139,0,1,0
NN30571,F,760,240,45,135,0,2,0
NN30579,M,770,235,44.5,128,0,1,0
NN30801,F,730,230,45,142,2,1,2
NN30847,M,775,240,48,131,2,1,2
VE27684,F,720,225,44,134,0,1,0
VH82006,F,720,230,43,135.5,0,1,0
VH82010,F,720,230,44,138,0,1,0
VH82011,F,730,225,45,130,2,1,2
VH82013,M,750,235,46.5,129,2,2,1
VH82017,F,740,230,46,136,3,2,1.5
VH82023,M,760,235,46.5,135,1,1,1
VH82024,F,740,230,45,134,2,2,1
VH82027,F,730,235,44,135,2,2,1
VH82061,M,775,240,46,134,2,2,1
VH82062,F,730,230,44,136,5,4,1.25
VH82085,M,750,245,46,136,3,2,1.5
VH82116,M,770,235,48,136,4,2,2
VH82119,M,750,245,49,140.5,1,2,0.5
VH82120,F,730,230,48,152,1,1,1
VH82122,M,770,240,48,132,0,2,0
VH82127,M,775,240,46,133,2,2,1
VH82129,F,755,230,46,132,0,4,0
VH82130,F,750,230,44,132,3,2,1.5
VH82136,F,760,235,44.5,139.5,0,1,0
VH82156,M,750,245,48.5,158,4,2,2
VH82165,F,720,230,43,141,1,1,1
VH82184,M,740,240,48,128,0,2,0
VH82200,M,745,240,47,139.5,1,4,0.25
VH82201,F,720,230,46,138.5,2,4,0.5
VH82214,M,750,240,46,128,4,5,0.8
VH82221,M,740,240,45,130,1,2,0.5
VH82228,M,765,240,46,130,1,2,0.5
VH82232,F,720,225,44,132.5,1,4,0.25
VH82265,M,750,245,44.5,132,1,2,0.5
VH82275,F,750,235,45,134.5,1,1,1
VH82291,F,730,230,44,131,2,1,2
VH82294,F,720,225,47,134,4,3,1.33333333333333
VH82315,M,760,235,45.5,126,2,1,2
VH82318,F,715,225,43,132,1,1,1
VH82323,M,750,230,46,136,0,1,0
VH82328,M,770,235,47,136,0,1,0
VH82332,M,770,245,46,132,1,1,1
VH82334,F,730,240,46.5,138.5,0,1,0
VH82355,F,735,235,44,132,2,1,2
VH82360,M,760,230,44,132,1,1,1
VH82380,M,760,240,46,135,0,1,0
VH82381,F,710,230,43,134,0,1,0
VH82388,F,730,235,46,132.5,0,2,0
VH82390,M,770,240,47,135,0,1,0
VH82427,F,740,235,46,139,0,1,0
VH82464,M,760,225,45,134,2,3,0.666666666666667
VH82465,F,740,225,44,137,4,5,0.8
VH82468,M,760,240,46,133,1,2,0.5
VH82472,F,740,230,46,137,2,2,1
VH82473,F,740,230,44,140,1,3,0.333333333333333
VH82478,M,740,240,48.5,143,1,1,1
VH82535,M,750,235,49,134.5,2,1,2
VH82539,F,710,225,45,132,3,1,3
VH82578,M,760,240,48,133,3,1,3
VH82583,M,745,230,45.5,129.5,2,1,2
VH82596,F,725,230,42.5,133,1,1,1
VH82644,M,780,235,46,138,0,1,0
VH82666,F,740,230,43,133.5,0,1,0
VH82696,F,720,235,43,138,3,1,3
VH82755,F,730,235,46,134,1,1,1
VH82756,F,710,230,44,134,5,2,2.5
VH82844,F,730,230,45,132,4,5,0.8
VH83894,M,750,235,46,131,1,3,0.333333333333333
VH99326,F,710,230,43,127,1,4,0.25
VH99836,F,735,230,45,134,0,1,0
VH99838,M,770,245,44,136,3,1,3
VH99844,M,780,230,47,132,2,1,2
VH99849,M,760,230,46,133,1,1,1
VH99863,F,740,235,46,141,1,1,1
VH99865,M,760,235,45,136,1,1,1
VH99867,F,725,230,46,146,0,1,0
VH99876,M,800,240,46,134,6,4,1.5
VH99888,M,740,235,46,140,1,1,1
VH99898,F,730,230,46,141,5,2,2.5
VH99952,F,760,240,48,140,1,1,1
VJ57125,F,720,230,45.5,131.5,1,1,1
VJ57520,M,780,250,47.5,135.5,0,1,0
H301201,F,750,230,45,136,2,1,2
H301216,M,790,250,46,136,2,3,0.666666666666667
H301225,F,730,235,45,136,2,2,1
H301295,M,740,240,48,138,0,1,0
H301314,F,740,235,43,137,1,1,1
H301335,M,770,235,45,127,1,2,0.5
H301336,F,720,230,46,138,1,1,1
H301337,M,735,240,47,133,1,1,1
H301339,M,770,235,47,134,0,1,0
H301340,M,760,235,45,136,2,3,0.666666666666667
H301341,M,740,235,44.5,137,1,6,0.166666666666667
H301342,F,740,220,46,142,2,1,2
H301343,M,760,250,46,135,4,1,4
H301344,M,765,230,46.5,131,0,1,0
H301345,M,760,240,48.5,133,4,5,0.8
H301346,M,760,235,46,137,0,1,0
H301347,F,760,230,48,137.5,1,3,0.333333333333333
H301348,F,715,230,44,130,5,4,1.25
H301349,M,770,245,47,135.5,1,1,1
H301350,M,770,235,47,137,2,1,2
H301351,M,775,235,47,136,0,2,0
H301352,F,730,230,43,136,1,1,1
H301353,M,750,235,46,134,2,1,2
H301354,F,740,230,46,140.5,0,1,0
H301355,F,735,220,46,133,2,2,1
H301356,F,730,230,45,140,3,1,3
H301357,M,775,235,49,137,0,1,0
H301360,M,750,240,47,133,0,1,0
H301361,F,750,225,45,135,3,1,3
H301362,F,720,210,45,134,0,1,0
H301363,F,730,230,46,144,1,1,1
H301364,F,750,225,45,136,9,5,1.8
H301376,F,740,235,47,131,0,1,0
H301377,M,750,235,46.5,133,1,1,1
H301378,F,740,230,43.5,141,0,1,0
H301379,F,740,235,45,141,0,2,0
H301382,M,770,240,47,147,0,1,0
H301383,F,705,215,45,143,11,5,2.2
VB55710,F,740,225,45,137,1,3,0.333333333333333
VB55727,M,770,235,48,138,0,1,0
VB55730,M,770,235,47,137,0,1,0
VB55733,F,730,235,42,137.5,0,5,0
VB55735,M,750,245,44,131,2,6,0.333333333333333
VB55738,F,740,240,45,140,0,5,0
VB55751,F,720,230,44.5,142,0,1,0
VB55756,M,760,240,47,137,0,1,0
VB55757,M,760,240,47,130,1,1,1
VB55787,F,715,230,46,130,1,1,1
VB55788,M,750,240,47,134,0,1,0
VB55795,M,760,240,47,140,1,3,0.333333333333333
VH82906,F,720,235,46,141,1,3,0.333333333333333
VH99392,F,740,240,45,136,0,1,0
VH99604,F,730,225,47,140,2,5,0.4
VH99611,M,750,250,45.5,136,0,1,0
VH99614,F,745,240,45.5,134.5,1,2,0.5
VH99638,M,735,235,47,136.5,2,1,2
VH99647,M,770,245,47,132.5,0,1,0
VH99653,M,750,245,46,135,0,1,0
VH99656,M,770,240,47,138,0,1,0
VH99701,M,780,245,46,133,0,1,0
VH99702,M,760,240,46,134,0,1,0
VH99707,M,770,245,47,131,2,1,2
VH99708,M,770,245,46,131,1,1,1
VH99723,F,730,235,44,136,2,1,2
VH99746,M,770,240,45,135,7,3,2.33333333333333
VH99749,F,720,225,45,138,0,1,0
VH99762,F,710,230,45,136,2,1,2
VH99984,F,745,225,44.5,133,2,3,0.666666666666667
VH99992,F,730,225,45.5,144,0,1,0
VJ58611,F,735,225,45,141,3,3,1
VJ58626,M,750,250,47,133,2,1,2
VJ58655,F,750,230,46,145.5,0,1,0
VJ58670,M,745,240,47,137,7,2,3.5
VJ58686,F,730,235,45.5,143,3,3,1
VJ58696,F,745,235,47,138,3,2,1.5
VJ58720,M,750,245,47,136,2,5,0.4
VJ58725,M,760,240,46,135.5,3,2,1.5
VJ58738,M,760,230,46,130,0,1,0
VJ58739,F,740,230,45,137,0,1,0
VJ58744,F,760,230,46,137,0,1,0
VJ58747,M,780,240,46,129,0,1,0
VJ58761,M,760,240,45,135.5,2,3,0.666666666666667
VJ58796,M,740,240,48.5,134,2,2,1
VJ58797,M,770,245,45,138,3,2,1.5
VJ58808,F,730,225,44.5,134,2,1,2
VJ58819,M,750,245,46,136,0,1,0
VJ58823,F,720,225,45.5,137.5,2,2,1
VJ58845,M,760,240,46.5,135,0,1,0
VJ58858,M,780,240,44,140,5,7,0.714285714285714
VJ58869,M,740,240,45,132,0,1,0
VJ58902,F,750,235,46,139,3,2,1.5
VJ58907,M,780,245,46,133.5,2,1,2
VJ58913,F,740,230,45,134.5,0,1,0
VJ58924,M,760,230,47,136,3,1,3
VJ58948,M,745,235,45,134,3,1,3
VJ58989,F,735,230,46,138.5,0,1,0
VJ59077,F,735,230,44,135.5,0,1,0
VJ59100,M,750,240,47,132,3,1,3
VJ59131,F,730,230,45,136,1,1,1
VJ59150,F,730,230,46,144,1,1,1
VJ59151,F,730,230,45,130,0,4,0
VJ59153,F,750,235,46,137,4,4,1
VJ59176,F,715,230,45,138,0,1,0
VJ59204,F,740,235,46,134,2,4,0.5
VJ59235,F,715,225,46.5,134,7,3,2.33333333333333
VJ59321,F,730,235,46.5,136.5,1,5,0.2
VJ59362,M,740,235,45,132,1,1,1
VJ59809,F,730,235,46,125,2,2,1
VJ59845,M,760,235,46,132,0,1,0
VJ59888,F,740,235,45,136,5,2,2.5
VJ59926,F,730,235,47,135,0,1,0
VJ59937,F,740,240,44,138,0,1,0
VJ59971,F,730,230,46.5,134,0,1,0
VN56607,F,730,230,45.5,137,1,1,1
VN57016,F,740,230,47,137,1,1,1
VN57029,M,760,235,46.5,138,2,2,1
VN57076,F,740,230,45,135,1,1,1
VN57128,M,760,230,47,134,1,1,1
VN57185,M,760,235,47,139,0,1,0
VN57529,M,760,240,47,138,0,1,0
VN57537,F,750,235,46,149,8,4,2
VN57548,M,750,240,46,130,2,1,2
VN57563,M,750,240,47,134,1,1,1
VN57567,M,780,235,48,134,1,2,0.5
VN57594,M,770,235,48.5,135.5,1,1,1
VN57622,F,730,230,44,139.5,0,1,0
VN57685,F,735,225,44.5,136.5,0,1,0
H301719,F,745,235,44,135,0,2,0
H301723,M,770,235,46,137,3,1,3
H301724,F,740,235,46,134.5,4,1,4
H301725,F,710,220,44,134,5,1,5
H301728,F,730,235,46,136,1,2,0.5
H301729,M,760,230,46,139,5,4,1.25
H301730,F,735,230,45,134,3,2,1.5
H301731,M,760,245,46,136,1,2,0.5
H301734,F,720,225,44.5,144,3,2,1.5
H301735,F,740,235,45.5,141,5,3,1.66666666666667
H301736,M,770,240,46,131.5,1,3,0.333333333333333
H301739,M,760,230,44,133.5,1,1,1
H301740,F,715,230,46,138,4,1,4
H301743,F,750,230,46,138,1,1,1
H301744,M,760,235,45,133,4,1,4
H301746,F,720,220,44.5,133,6,3,2
H301747,M,750,235,46,136.5,0,1,0
H301749,M,750,235,48,136,1,1,1
H301751,F,770,230,43.5,131,0,1,0
H301753,F,715,225,43,138.5,0,1,0
H301754,F,740,230,43.5,130,0,1,0
H301774,F,730,230,42,128,2,1,2
VN56243,M,765,245,45,134,1,2,0.5
VN56246,M,770,245,46,138,5,2,2.5
VN56249,M,770,235,44,140.5,2,3,0.666666666666667
VN56250,M,770,235,45,135,1,3,0.333333333333333
VN56294,M,740,240,49,140,3,1,3
VN57311,M,750,235,49,138,3,4,0.75
VN57707,M,765,240,47,143.5,1,2,0.5
VN57725,M,750,230,47,132,5,2,2.5
VN57735,F,735,225,45,134,3,3,1
VN57738,M,755,245,46,136.5,0,1,0
VN57742,F,745,235,43,139,4,1,4
VN57748,F,725,230,46.5,142,3,2,1.5
VN57753,M,770,240,48,140.5,2,3,0.666666666666667
VN57754,M,770,235,46,136.5,0,1,0
VN57761,M,790,230,45,137,4,5,0.8
VN57766,F,735,230,44.5,129.5,2,1,2
VN57773,F,730,230,46,145,1,2,0.5
VN57794,F,725,225,45,138.5,1,2,0.5
VN57811,M,770,225,46,139.5,1,1,1
VN57820,M,770,230,44,138,6,3,2
VN57821,F,740,225,44.5,134.5,1,2,0.5
VN57822,F,740,235,45.5,133,1,3,0.333333333333333
VN57825,M,760,230,43,138,2,1,2
VN57886,M,745,230,46,132,0,1,0
VN85551,M,770,230,45.5,139,2,1,2
VN85570,F,730,230,44,132,2,2,1
VN85616,F,730,225,46,140,1,2,0.5
VN85644,M,750,235,46,130,2,1,2
VN85647,F,730,235,47,137,2,4,0.5
VN85655,F,720,230,47,130.5,2,2,1
VN85741,M,760,240,46,137,0,4,0
VN85794,F,745,225,43.5,134.5,2,5,0.4
VN85859,F,730,230,46,139,2,5,0.4
VN85860,F,720,235,48,136,2,2,1
VN85862,M,745,235,46,136,4,2,2
VN85920,M,740,235,47,132,3,3,1
VN85939,M,760,240,47,140,4,1,4
VN86094,F,715,225,45,136,0,1,0
VN86220,M,765,245,47,133,1,1,1
VN86377,F,740,230,40,131,2,1,2
VN86724,M,750,230,47,140,2,2,1
VN86740,M,735,235,46,138,2,2,1
VN86783,M,760,245,44,139,4,1,4
VN86803,F,760,235,44,142,3,1,3
VN86815,F,730,235,45,136.5,4,2,2
VN86840,F,730,230,47.5,143,1,3,0.333333333333333
VN86853,M,760,240,47,134,1,4,0.25
VN86867,M,755,245,45,135,0,1,0
VN86877,F,735,230,44,141,2,1,2
VN86922,M,780,235,46.5,138,0,1,0
VN86930,F,710,230,46.5,136.5,3,3,1
VN86934,F,715,230,45,133,3,1,3
VN86945,M,770,240,46,141,3,1,3
VN86958,M,770,245,46,136,1,2,0.5
VN86959,M,770,245,48,137,3,3,1
VN86964,F,735,230,44,135,3,3,1
VN86984,M,770,245,47.5,140,3,1,3
VN86988,F,730,230,45,140,5,3,1.66666666666667
VN86989,M,775,240,46,132,4,1,4
VN86994,F,720,235,46,145,1,1,1
VP51003,F,725,220,44,137,1,1,1
VP51035,M,750,235,45,132,1,2,0.5
VP51055,M,765,245,48,142,1,1,1
VP51082,F,735,235,43.5,141,4,2,2
VP51083,M,750,230,46,134,1,1,1
VP51086,M,755,235,45,137,2,5,0.4
VP51117,M,760,240,47,134,3,1,3
VP51119,M,760,240,47.5,136.5,1,1,1
VP51122,F,740,230,47.5,141,1,2,0.5
E018108,M,760,240,47,136,0,1,0
E018114,M,770,240,49,136,1,2,0.5
E018137,F,720,230,44,138,1,1,1
E018145,M,770,235.5,44,136.5,2,3,0.666666666666667
E018163,M,770,235,47.5,136.5,0,1,0
E018166,F,720,225,44,150,0,1,0
E509231,F,720,235,45.5,138,2,1,2
H301788,F,740,230,47,136.5,2,2,1
H301792,F,720,220,45,137,3,1,3
J745920,M,755,225,46,130,1,1,1
J745921,F,725,220,44,140,0,2,0
J745923,F,760,230,47,139,3,3,1
J745924,M,770,240,47,129.5,0,1,0
J745926,F,710,215,44,142,0,1,0
J745927,F,740,235,44,140,1,1,1
J745928,F,725,215,43,127,2,1,2
J745929,M,750,230,46,137,3,1,3
J745930,F,730,225,45,135.5,2,4,0.5
J745931,F,710,225,45,142,0,1,0
J745932,F,750,240,47,135,1,1,1
J745933,M,730,240,46,135,1,4,0.25
J745934,F,770,230,45,144,1,2,0.5
J745935,M,745,235,47,127,2,1,2
J745936,M,750,235,48.5,132,1,2,0.5
J745937,F,735,225,46,130,0,1,0
J745938,M,745,235,46,139,1,1,1
J745939,F,700,230,42,142,1,1,1
J745940,M,745,236,45,125,1,2,0.5
J745941,M,760,230,46,140,0,3,0
J745943,F,730,225,43.5,134,4,2,2
J745947,M,745,235,45.5,138,4,1,4
J745948,F,720,230,46,139,2,2,1
J745949,M,760,230,45.5,140,0,1,0
J745950,M,740,235,45,140,1,2,0.5
J745951,M,745,230,45,137,1,3,0.333333333333333
J745953,F,715,235,46,141,0,1,0
J745954,F,715,215,46,142,2,1,2
J745955,F,690,210,44,134,1,1,1
J745956,F,720,220,45,140,0,2,0
VJ59511,F,725,235,44,141,2,3,0.666666666666667
VN56335,F,730,230,43,135,0,1,0
VN56336,M,760,240,44,133,1,1,1
VN56344,F,730,225,44,140,4,2,2
VN56346,F,735,230,44,137,2,2,1
VN56351,F,720,220,43,137,0,1,0
VN56357,F,710,220,43,140,0,2,0
VN56359,M,760,235,47.5,134,1,1,1
VN56360,F,730,230,44,144,2,1,2
VN56364,F,740,235,47,143,0,1,0
VN56365,F,755,235,45,141,0,2,0
VN56373,F,730,230,46,139,0,1,0
VN56384,F,745,230,43,145,0,1,0
VN56390,F,720,230,45,144,1,1,1
VN56392,M,750,235,47,137,0,2,0
VN56396,F,720,225,44,137.5,3,1,3
VN56407,F,730,225,45,138,0,2,0
VN56412,F,730,230,43,140,1,1,1
VN56416,M,760,235,45.5,141,1,2,0.5
VN56424,M,770,235,45,129,0,1,0
VN56445,F,725,235,46,141,0,2,0
VN56447,F,720,220,45,133,5,2,2.5
VN56451,F,715,220,45,138,1,1,1
VN56453,F,705,230,44,134,1,1,1
VN56455,M,770,240,46,128,1,2,0.5
VN56468,F,740,230,44.5,138,4,2,2
VN56485,F,730,225,43,131.5,0,1,0
VN56489,M,760,235,44.5,131,1,1,1
VN56492,M,780,240,47,132,1,1,1
VN56496,F,730,230,44,133,0,1,0
VN86442,F,725,230,47,140,0,1,0
VN87063,F,725,235,46,142,0,1,0
VN87064,F,730,235,44,142,3,1,3
VN87610,F,740,230,45,142,3,3,1
VN87740,F,730,220,43,143,0,1,0
VN87798,M,750,235,45,132,0,1,0
VP32034,M,735,230,44.5,132,2,2,1
VP32044,M,760,235,45,134,4,3,1.33333333333333
VP32049,F,740,235,44,139,3,2,1.5
VP32072,M,750,225,44,142,0,1,0
VP32104,F,740,230,46,138,3,5,0.6
VP32133,F,725,230,44,133,1,2,0.5
VP32156,F,735,235,46,143,1,1,1
VP32189,M,745,235,43.5,142,4,2,2
VP32238,F,725,225,43,131,1,2,0.5
VP32247,F,740,235,45,135,0,1,0
VP32256,M,750,230,45,132,1,1,1
VP32264,F,750,235,44,137,3,3,1
VP32325,M,755,240,47,137,4,2,2
VP32528,M,750,230,47,137,0,1,0
VP32550,M,760,240,47,136,4,4,1
VP32559,M,745,235,45,135.5,0,1,0
VP32564,M,745,240,46,135,1,2,0.5
VP32566,F,730,235,46,139,0,1,0
VP32567,M,745,240,48,137,0,1,0
VP32576,F,730,235,46,142,2,4,0.5
VP32597,M,760,240,47,137,1,1,1
VP51414,M,760,240,47.5,135,1,1,1
VP51421,M,770,240,46,132,1,1,1
VP51422,M,750,240,45,134.5,1,1,1
VP51433,F,730,230,46,140,0,1,0
VP51443,M,770,245,44,131,0,1,0
VP51444,M,775,245,48,140,2,1,2
VP51447,M,770,245,47,134,2,4,0.5
VP51452,M,760,250,46,143,0,1,0
VP51467,M,750,235,45,135,0,1,0
VP51473,M,780,235,46,132,0,2,0
VP51489,M,780,240,44,138,1,1,1
VP51492,F,720,230,43,142,1,1,1
VP51493,F,720,230,42,135,2,1,2
VP51494,F,730,230,43,139,1,1,1
VP51498,M,760,235,47,136,0,1,0
VP51500,M,745,240,47,136,2,1,2
VP51531,M,790,230,46,134,2,1,2
VP51535,M,800,230,46.5,146,0,1,0
VP51539,M,760,240,46,133,2,2,1
VP51541,F,750,235,46,144,0,1,0
VP51557,M,775,235,45,130,1,1,1
VP51577,M,770,245,47,139,2,3,0.666666666666667
VP51579,M,780,240,48,142,0,1,0
VP51596,F,740,230,45,140,0,1,0
VP51604,M,760,230,46,139,3,2,1.5
VP51646,M,760,235,45,135,0,1,0
VP51649,M,760,240,47,140,0,1,0
VP51653,F,725,230,45.5,132,1,2,0.5
VP51655,F,710,225,46,143,0,1,0
VP51659,F,710,225,46.5,139,1,1,1
VP51662,F,710,220,44.5,140,2,1,2
VP51711,F,740,230,44,138,0,2,0
VP51720,M,770,235,46,137,1,1,1
VP51731,M,765,245,46,137,1,1,1
VP51735,M,750,235,47,140,0,1,0
VP51736,M,750,240,48,142,1,1,1
VP51737,M,770,245,47,135,2,1,2
VP51771,F,720,225,45,137,0,2,0
VP51773,M,770,230,48,130,2,1,2
VP51776,M,770,235,47,131,0,1,0
VP51778,F,730,230,43,135.5,0,1,0
VP51782,M,750,230,43,133,3,2,1.5
VP51817,M,780,245,47,139.5,3,2,1.5
VP51844,F,720,230,43,138.5,1,1,1
VP51847,M,755,230,43,137,1,2,0.5
VP51853,M,750,240,45,136,3,1,3
VP51922,M,760,230,44,129,0,1,0
VP51938,M,745,230,46,137,0,1,0
VP51947,M,740,235,46,134,0,1,0
VP51951,F,720,225,44,136,2,3,0.666666666666667
VP51953,F,720,225,44,136,3,3,1
VP51955,F,730,230,46,146,0,1,0
VP51960,F,725,230,47,140,3,2,1.5
VP51962,M,735,240,45,130,1,2,0.5
VR27004,F,740,235,44,141,0,2,0
VR27008,M,760,240,46,139,2,1,2
VR27009,F,730,225,43,142,0,1,0
VR27010,M,780,230,48,141,0,1,0
VR27013,F,710,230,46,147,1,2,0.5
VR27018,M,760,240,45,130,0,1,0
VR27026,F,730,230,43,138,1,2,0.5
VR27036,F,730,230,44,137,1,1,1
VR27037,M,760,240,48,136,0,4,0
VR27040,F,720,235,45,138,1,2,0.5
VR27041,F,720,220,43,138,1,1,1
VR27054,F,720,230,46,147,1,1,1
VR27059,F,730,230,44,142,2,3,0.666666666666667
VR27077,F,725,225,44,135,0,1,0
VR27088,F,720,225,45,138,0,1,0
VR27089,F,760,230,44,136,2,1,2
VR27109,M,760,235,43,132,0,1,0
VR27126,F,760,230,48,140,0,1,0
VR27151,M,770,235,43,134,0,1,0
E509319,F,730,220,43.5,134.5,0,2,0
H301801,F,700,205,45,137,1,1,1
H301802,F,740,225,44.5,144,0,1,0
H301803,F,715,230,45,150,0,1,0
H301805,M,750,235,46,131,4,4,1
H301806,M,760,240,47,132,1,1,1
H301807,F,740,225,44,138,0,1,0
H301808,F,720,230,47,147.5,1,1,1
H301809,M,750,225,45,140,1,1,1
H301816,F,720,230,44.5,140,1,1,1
H301820,F,720,220,45,144,0,1,0
J644077,F,750,230,42,138,0,1,0
J644078,M,760,235,47,132,2,2,1
J644080,M,750,225,45.5,134.5,1,1,1
J644081,M,765,240,45.5,141,2,1,2
J644083,F,720,220,45,139,2,3,0.666666666666667
J644084,M,715,235,46,130,2,1,2
J644089,F,715,220,45,136,2,4,0.5
J644091,M,760,235,46.5,137.5,2,1,2
J644092,M,740,235,46,139,1,3,0.333333333333333
J644093,F,720,230,44,137,4,2,2
J644094,M,740,225,44,127,3,2,1.5
J644095,M,760,240,45,144,0,1,0
J644096,F,720,225,43,143,0,1,0
J644097,F,730,220,45,133,0,2,0
J644099,F,725,215,45,138,0,4,0
J644100,F,730,225,44,131,0,2,0
J644172,M,740,230,46.5,135,4,1,4
J644187,F,730,230,45,139,0,1,0
J746000,M,725,230,45,138,2,1,2
VN87822,F,710,220,43,142,2,2,1
VN87824,M,735,235,45,139,2,1,2
VN87856,M,770,230,47.8,141,1,2,0.5
VN87885,F,740,230,42,133,0,3,0
VP51333,F,720,230,44.5,140,0,2,0
VP51335,F,710,230,44,130,0,1,0
VP51350,F,700,220,42,137,0,1,0
VP51351,F,720,225,43,134,0,1,0
VP51355,F,725,220,44,140,1,2,0.5
VP51377,M,760,240,45,135,1,2,0.5
VP51385,F,720,230,44,139.5,1,1,1
VR26372,F,735,220,45,135,1,1,1
VR26415,F,700,225,44,134,6,4,1.5
VR26465,F,730,230,42.5,142,4,1,4
VR26801,M,745,220,46,132,0,1,0
VR26810,M,745,240,46,135,0,4,0
VR26814,M,750,240,47,145,2,2,1
VR26828,M,750,230,45,135.5,0,1,0
VR26839,M,750,240,45,142,1,2,0.5
VR26843,M,740,240,44,135.5,0,2,0
VR26846,F,720,225,43,139,1,1,1
VR26853,F,740,230,44,140,0,1,0
VR26865,M,740,235,43.5,125,0,1,0
VR26866,M,760,230,45,130,1,1,1
VR26869,F,700,220,47.5,136,3,2,1.5
VR26902,M,760,235,43,132,0,1,0
VR26970,M,745,235,48,142,1,1,1
VR26977,M,750,240,45,135,2,1,2
VR26986,F,720,225,43.5,139,7,5,1.4
VR27183,M,765,235,44,136,1,1,1
VR27211,F,700,220,44,134,3,1,3
VR27297,M,775,235,45,137,1,2,0.5
VR27298,M,760,230,46,136,2,3,0.666666666666667
VR27300,M,750,235,45.5,137,1,2,0.5
VR27309,M,750,230,46,131,0,1,0
VR27315,F,735,225,45,140,0,1,0
VR27337,F,730,230,43,141,1,1,1
VR27357,M,730,230,42.5,138,4,1,4
VR27363,F,730,225,43,131,2,2,1
VR27370,F,740,230,44.5,134,3,5,0.6
VR27372,M,760,240,45,132,2,2,1
VR27380,M,750,225,45,122,2,1,2
VR27394,F,720,230,46,145,0,1,0
VR27400,F,730,215,45,137,4,4,1
VR27416,M,750,235,45,131,3,1,3
VR27527,M,760,230,47,137,0,2,0
VR27554,F,720,230,44,143.5,2,2,1
VR27558,F,720,225,42.5,136,1,2,0.5
VR27561,F,740,225,42.5,132,1,2,0.5
VR27623,F,710,225,42,139,0,1,0
VR27632,F,730,230,41,136,1,1,1
VR27650,F,720,225,43,137,1,1,1
VR90012,F,740,225,44,142,1,2,0.5
VR90118,M,760,235,44,125,3,2,1.5
VR90123,M,770,240,47,134,3,1,3
VR90145,F,720,225,45,144.5,1,1,1
VR90159,F,715,225,42,141,0,1,0
VR90179,M,755,235,45,133,0,1,0
VR90183,F,730,225,44,147,0,2,0
VR90213,F,725,235,45,143,1,1,1
VR90253,M,760,230,46,135,0,1,0
VR90264,M,750,230,43.5,131,1,1,1
VR90273,M,725,230,45.5,130,0,2,0
VR90292,M,760,230,46,134,3,2,1.5
VR90297,M,770,235,45,131,1,1,1
VR90299,M,760,235,47,132,0,1,0
VR90301,M,765,245,45,135,3,3,1
VR90321,F,715,220,43,133,4,1,4
VR90406,F,725,230,43.5,137,4,3,1.33333333333333
VR90412,M,780,240,45,136,2,1,2
VR90433,F,710,225,43,132,0,1,0
VR90441,M,760,235,45,134,1,1,1
VR90463,M,770,240,46,139,0,3,0
E509351,F,730,230,45,135,0,2,0
H301841,M,770,242,49,145,1,3,0.333333333333333
H301843,M,780,248,46.5,134,0,1,0
H301855,M,770,240,47,136,0,1,0
H301876,M,770,235,48,134,0,1,0
H301956,M,770,238,46,138,2,1,2
H302000,F,710,232,45,140,0,1,0
K578101,F,725,235,43,132,4,3,1.33333333333333
K578102,F,740,231,45.5,142,0,1,0
K578103,M,750,237,48,133,0,1,0
K578104,F,730,230,44,139,2,2,1
K578105,F,740,231,45,136.5,0,1,0
K578106,F,745,225,42,138,3,2,1.5
K578107,F,745,225,43,136.5,2,3,0.666666666666667
K578108,F,730,230,43.5,140,3,4,0.75
K578109,F,730,225,46,142,0,1,0
K578110,M,770,237,46,138,0,1,0
K578111,M,760,237,45,140,5,3,1.66666666666667
K578118,M,780,240,47,134,0,1,0
K578121,M,750,235,46,138,0,1,0
K578122,M,755,234,43,129,1,2,0.5
K578123,F,730,225,42.5,134,1,1,1
K578124,F,740,239,46,139,1,1,1
K578126,F,720,225,46,134,0,2,0
K578127,F,750,230,45,131.5,0,5,0
K578128,M,770,240,45,138,1,2,0.5
K578129,M,755,236,45,135,0,1,0
K578134,F,750,229,45,129,0,2,0
K578135,F,710,234,44,140,1,2,0.5
K604748,M,760,230,45.5,133,0,1,0
N092600,F,710,230,45,139,0,1,0
VN86539,F,730,227,45,134,0,2,0
VN86575,F,735,228,46,136,0,1,0
VN86590,F,720,231,46,143,2,3,0.666666666666667
VN86601,M,750,235,46,137,2,1,2
VN86614,M,745,235,46.5,129,0,1,0
VN87454,M,750,235,44,133,1,1,1
VP32427,F,715,220,43,133,0,1,0
VP32432,M,750,230,47,139,1,1,1
VP32496,F,740,227,44,130,0,1,0
VP32819,F,725,228,43,137,0,2,0
VP32841,F,720,230,45,138,2,3,0.666666666666667
VP32894,M,745,230,45.5,135,2,3,0.666666666666667
VP32913,M,760,235,46,128,0,1,0
VR90549,M,765,237,47,132,0,1,0
VR90550,M,760,240,45,137,0,1,0
VR90575,F,720,230,42,133,0,1,0
VR90582,F,720,226,45,137,2,1,2
VR90583,M,735,225,47,131,0,1,0
VR90585,F,725,218,46,140,0,1,0
VR90612,F,745,233,44,148,4,4,1
VR90626,M,770,238,44,135.5,1,2,0.5
VR90650,M,760,240,46,133,1,1,1
VR90652,F,715,215,45.5,138,0,1,0
VR90659,M,760,238,48,137,0,1,0
VR90676,F,730,227,42,128,0,1,0
VR90677,F,740,230,42.5,138,0,1,0
VR90681,F,740,230,45,143,0,3,0
VR90702,F,720,229,45,138,0,2,0
VR90720,F,745,225,44,129,4,6,0.666666666666667
VR90721,F,765,230,46,134,1,2,0.5
VR90738,M,765,238,46,138,0,2,0
VR90751,M,740,241,46,136,0,1,0
VR90761,F,745,230,46,135,2,1,2
VR90840,F,720,230,44,137,2,2,1
VR90881,F,730,230,46.5,140,5,3,1.66666666666667
VR90906,F,710,218,45,137.5,0,2,0
VR90931,M,780,235,51,146,0,2,0
VR90937,F,720,235,46,138,1,1,1
VR90955,M,760,240,45,134,0,1,0
VR90958,F,750,229,43,130,0,2,0
VR90961,M,760,235,49,135,0,1,0
VR90984,F,710,229,43,136,0,1,0
VR90988,F,750,233,43,147,0,2,0
VR90991,F,735,230,45,143,1,1,1
VR90992,M,780,238,47,145,0,1,0
VX12028,M,740,239,45,137,6,4,1.5
VX12117,F,740,232,45,140,0,1,0
VX14012,F,725,235,43,135,0,1,0
VX14037,M,745,233,48.5,143,0,1,0
VX14050,F,735,220,42,132,0,1,0
VX14060,F,750,230,47,139,0,1,0
VX14061,M,760,238,47,143,0,1,0
VX14063,M,770,240,47,134,0,1,0
VX14073,F,750,220,45,139,7,3,2.33333333333333
VX14082,M,750,240,47,132,1,1,1
VX14101,F,740,230,46,139,1,2,0.5
VX14102,F,750,235,46,141,0,1,0
VX14124,M,750,235,46,137,0,1,0
VX14133,F,720,231,44,131,2,1,2
VX14134,F,720,228,44,141,0,1,0
VX14192,M,750,241,48,134,2,1,2
VX14195,M,770,240,46.5,136,3,3,1
VX14199,F,740,230,42,143,0,2,0
VX14203,M,760,240,43.5,136,1,2,0.5
VX14213,M,745,230,44,139,1,1,1
VX14216,F,720,230,42,136,1,1,1
VX14228,M,750,240,44,135.5,0,1,0
VX14238,F,730,228,44,136,0,1,0
VX14340,M,770,240,44,133,0,1,0
VX14359,F,720,226,44,129,0,1,0
VX14368,M,750,227,44,140,0,1,0
VX14381,M,755,232,47,137,0,1,0
VX14387,M,760,228,47,141,0,2,0
VX14411,M,750,234,46,138,1,3,0.333333333333333
VX14468,F,730,230,44,145,0,1,0
J745050,F,720,229,43,136,0,1,0
J745051,M,790,238,45,131,0,1,0
J745053,F,720,222,47,142,3,1,3
J745055,F,740,234,44,133.5,1,2,0.5
J745056,F,760,228,45,138,2,1,2
J745058,F,760,229,47,134.5,0,1,0
J745061,M,720,229,44.5,135,3,2,1.5
J745064,F,740,228,47,138,0,1,0
J745065,F,740,235,44,133,3,2,1.5
J745066,F,725,230,47,137,0,1,0
J745067,M,760,239,47,129,1,1,1
J745068,F,710,238,44.5,135,3,2,1.5
J745069,F,720,229,47,130,0,1,0
J745070,F,730,232,44,132,2,2,1
J745072,F,730,230,43.5,142,0,1,0
J745073,M,765,240,45,134.5,0,1,0
J745076,F,735,235,43.5,134,3,2,1.5
J745077,F,730,219,43.5,134.5,0,2,0
K578200,F,740,226,47,132,1,1,1
NN87440,M,760,238,46,138,1,2,0.5
VB55623,F,745,228,45,137,0,1,0
VB55667,F,735,225,43,139,0,1,0
VB55674,M,760,237,47,134,0,1,0
VN57918,M,765,237,45,135,1,1,1
VN57950,F,750,234,44.5,136,2,5,0.4
VN57954,M,770,238,48,138,0,1,0
VN57996,F,740,231,45,135,3,3,1
VR26029,F,740,228,43,132,0,1,0
VR26072,M,760,244,48,138,3,2,1.5
VX12304,F,720,220,45,137,1,2,0.5
VX12372,F,735,235,47,145,2,1,2
VX12596,F,730,230,46,145,0,1,0
VX12672,F,730,227,44,131,0,1,0
VX12774,M,775,243,48.5,140,2,4,0.5
VX12895,M,750,232,43,130,4,2,2
VX13007,F,710,229,43,140,2,2,1
VX13049,F,740,232,41,134,2,1,2
VX13105,M,760,240,48,136,0,1,0
VX13174,F,710,235,46.5,144.5,0,1,0
VX13178,F,720,231,44,137,0,1,0
VX13223,F,735,231,42,137,0,1,0
VX13228,M,760,236,46.5,129,5,3,1.66666666666667
VX13244,M,780,235,45,135,0,1,0
VX13251,F,720,238,44,133,0,1,0
VX13277,M,760,239,46,128,2,2,1
VX13282,F,730,229,44,136.5,3,4,0.75
VX13287,M,745,240,45,131,0,1,0
VX13328,M,740,238,43,137,0,1,0
VX13333,M,760,240,49,137,0,1,0
VX13357,F,740,231,44,139,0,1,0
VX13387,M,755,230,47.5,133,0,1,0
VX13407,M,760,238,44,135,1,2,0.5
VX13567,M,745,235,44.5,135,0,1,0
VX13610,M,750,239,47,136,5,5,1
VX13678,M,770,234,46,135.5,3,2,1.5
VX13724,F,720,215,42,135,0,1,0
K604612,M,730,240,47,130,2,1,2
K604625,M,770,244,46,132,5,4,1.25
K604638,M,750,223,47,140,2,3,0.666666666666667
K604648,M,730,218,46.5,130,2,1,2
K604661,M,765,240,44.5,134.5,2,2,1
K604662,M,745,239,44,137,1,1,1
K604664,F,720,238,45,137,0,1,0
K604668,M,760,233,45,131,1,1,1
K604670,M,770,238,45,142,1,1,1
K604671,F,730,229,44,135,1,1,1
K604673,M,750,227,45,135,1,3,0.333333333333333
K604677,F,710,221,44,134,1,1,1
K604678,F,730,233,46,145,2,1,2
K604679,F,720,228,46,140,3,1,3
K604683,M,765,241,48,137.5,0,1,0
K604696,F,740,229,48,134,1,1,1
K604697,M,760,220,46,135,1,1,1
P282198,M,760,227,44,126,2,1,2
P282313,F,720,225,42,135,3,1,3
VN87307,F,730,221,43,125.5,1,1,1
VN87317,F,730,230,42,134,5,4,1.25
VR91410,F,720,230,44,140,3,1,3
VR91483,M,770,241,45,136.5,3,1,3
VR91734,F,730,236,47,136.5,2,2,1
VR91737,M,750,239,47,131,3,5,0.6
VR91738,M,740,239,46,137,0,1,0
VR91811,F,750,238,43,133,0,1,0
VR91900,F,720,229,44,135,1,1,1
VR91902,F,720,223,45.5,136,0,1,0
VS83402,M,770,238,46,128,3,1,3
VS83451,M,755,241,46,135,0,1,0
VX13727,M,760,238,46,130,1,1,1
VX13735,F,730,228,44,134.5,3,1,3
VX13761,M,755,233,45,134,2,1,2
VX13776,F,720,234,46,138,5,3,1.66666666666667
VX13790,F,730,225,43,137,4,1,4
VX13797,M,765,240,44,131,1,1,1
VX13910,F,760,239,44,136,2,2,1
VX13937,M,770,240,48,131,2,2,1
VX13939,F,740,231,48,139,0,2,0
C695338,F,720,238,44,134,3,1,3
C695342,F,710,221,43,133,0,1,0
C695343,M,760,238,46,136,0,1,0
C695347,M,760,244,48,134,1,1,1
C695351,F,740,230,45,138,0,1,0
C695353,F,730,230,44.5,140,0,1,0
C695355,F,710,219,44,137,1,1,1
C695356,F,740,232,45,138,4,7,0.571428571428571
C695357,M,770,243,49,139,1,1,1
C695362,F,720,229,44,140,0,1,0
C695371,F,740,231,43,134,0,1,0
C695373,M,770,248,46,134,1,2,0.5
C695374,F,710,200,45.5,138,0,1,0
C695380,M,760,240,50,141.5,0,1,0
C695382,F,730,229,43,132,0,1,0
C695387,F,720,229,46,137,0,2,0
C695389,M,735,239,45.5,141,0,1,0
C695390,F,710,225,45,138,0,1,0
C695391,M,730,229,45,134,1,3,0.333333333333333
C695392,M,745,239,48.5,133,1,1,1
C695394,F,730,235,42,133,0,2,0
K578404,M,790,242,47,136.5,1,1,1
K578422,F,740,240,46.5,140,1,1,1
VF63505,F,730,231,45,136,0,3,0
VF64031,F,730,232,46,133,1,1,1
VF64107,M,755,238,47.5,135,1,1,1
VF64111,F,740,230,45,139,0,3,0
VF64197,F,735,231,44,135,0,2,0
VF64201,F,750,229,47,138,0,1,0
VF64234,M,770,240,47,134,0,1,0
VF64271,M,750,233,45,129,3,3,1
VF64404,M,760,237,45,141,0,1,0
VF64429,F,750,230,43.5,136,1,1,1
VF64489,M,740,238,45,134,1,1,1
VF64504,F,750,232,44,149,1,1,1
VF64506,M,780,238,44,140,3,1,3
VF64526,F,760,227,44,138,1,1,1
VF64561,M,760,233,44,136,3,1,3
VF64579,M,755,239,44,140,1,1,1
VF64605,F,735,229,44,132,0,1,0
VF64631,F,725,228,44,132,0,1,0
VF64676,F,760,232,46,138.5,0,2,0
VF64710,F,730,232,42,138,0,1,0
VN85500,M,750,235,48,127,0,3,0
VS83730,M,775,239,46,135,1,1,1
VS83736,M,770,245,48,139,1,2,0.5
VS83758,M,770,235,47,133,3,3,1
VS83770,F,750,230,47,140,1,2,0.5
VS83777,M,780,223,49,143,0,1,0
VS83778,F,750,225,45,136,1,2,0.5
VS83797,M,750,240,46,136,2,2,1
VS84323,F,750,240,44,133,1,1,1
VS84326,M,755,240,45,133,0,1,0
VS84332,F,740,247,46,136.5,3,4,0.75
VS84371,F,720,227,45,131,1,1,1
VS84372,F,705,229,43,135,2,3,0.666666666666667
VS84375,M,730,239,46,137.5,1,1,1
VS84385,M,770,239,47,138,0,1,0
VS84403,F,740,230,43,136,1,1,1
VS84430,M,765,230,46,137,2,2,1
VS84438,M,780,239,48,133,0,1,0
VS84469,M,750,244,46,143,0,1,0
VS84483,M,765,236,47,138,0,1,0
VS84491,F,725,231,43,140,2,4,0.5
VS84688,F,730,227,45,136,1,1,1
N200530,M,770,239,45,130,0,1,0
N200559,F,725,223,44,137,1,2,0.5
N200579,M,750,238,45,126,1,3,0.333333333333333
N200580,M,750,228,45.5,129,1,1,1
N200581,F,740,228,44,131,1,1,1
N200584,M,760,238,44,139.5,0,4,0
N200585,F,725,230,44,135.5,0,2,0
N200588,F,715,229,44,137,0,1,0
N200589,F,710,228,44,133,2,4,0.5
N200592,F,720,232,43,137,0,1,0
N200596,M,780,239,46,136,0,1,0
N200599,F,740,229,46,133.5,2,6,0.333333333333333
N200600,M,760,238,44,132,2,4,0.5
N200673,M,750,239,47,132.5,0,1,0
N200676,M,755,247,46,137,2,2,1
N200681,M,740,239,46,132,0,1,0
N200701,F,740,230,45,135,0,1,0
N200705,M,750,237,46,134,0,1,0
N200706,F,760,230,42.5,135,1,2,0.5
N200708,F,710,236,46,131,1,1,1
N200709,F,740,239,43,137.5,1,1,1
N200710,F,730,228,45,139,1,1,1
N200712,F,715,234,43,132,1,3,0.333333333333333
N200714,M,750,238,47,134,0,2,0
N200715,F,720,231,44,133,0,1,0
VF64396,M,750,238.5,45.5,130.5,1,2,0.5
VF64722,F,730,228,48,138,1,1,1
VF64724,F,730,229,44.5,148,0,1,0
VF64727,F,750,231,44,141,0,1,0
VF64728,M,750,235,44.5,130,2,3,0.666666666666667
VF64765,M,760,241,45.5,129,1,1,1
VF64768,F,710,231,44,136.5,1,1,1
VF64772,M,760,239,45.5,129,1,2,0.5
VF64776,M,765,246,44,135,1,1,1
VF64789,F,730,232,44,135,1,1,1
VF64795,M,770,247,45,139,1,1,1
VS83115,M,765,245,48,134.5,1,5,0.2
VS84757,M,755,235,44,133,3,1,3
VT33013,F,760,238,46,139,2,1,2
VT33014,F,760,236,43,140,3,1,3
VT33072,M,765,240,45,135,0,1,0
VT33093,M,750,235,46,139,0,1,0
VT33143,M,750,233,45,131,1,2,0.5
VT34095,F,730,230,43,139,0,1,0
VT34210,M,770,240,47,141,2,2,1
VT34285,M,760,241,44.5,135.5,1,4,0.25
VT34294,M,760,240,46,128,1,1,1
VT34319,F,725,229,44,134,0,1,0
VT34380,F,720,228,45,138,2,1,2
VT34382,F,730,228,44,138,0,2,0
VT34632,F,740,228,44.5,137,2,1,2
VT34705,F,750,228,45,133,2,1,2
VT34739,F,740,235,45,134,0,1,0
VT34751,F,725,227,44,128.5,0,1,0
VT34876,M,740,229,46,131,2,1,2
VT34892,M,745,240,45,131.5,4,1,4
N200730,M,760,239,45.5,137,3,2,1.5
N200750,F,730,228,44,132,0,1,0
N200773,F,740,238,46,140.5,4,4,1
N200788,M,750,238,45,131,0,1,0
N200807,F,740,235,43,138,0,1,0
N200808,M,765,238,43,126,0,1,0
N200809,M,760,243,46,132,0,1,0
N200810,F,730,237,44,133,3,4,0.75
N200812,F,750,231,43,145,0,1,0
N200816,F,720,221,44,132.5,1,1,1
N200817,F,735,227,43.5,136,0,1,0
N200818,F,735,230,44,136,0,1,0
N200819,F,720,223,43.5,132,3,3,1
N200820,M,750,235,45.5,132,1,2,0.5
N200822,M,740,233,48,138,0,1,0
N200825,F,740,228,45,136,4,2,2
N200826,F,710,228,44,138.5,0,1,0
P439006,M,760,240,46,138,1,3,0.333333333333333
P439046,F,730,220,45,128,0,1,0
P439082,F,710,226,44,137,0,1,0
P439096,M,750,241,44,136,0,1,0
P439113,F,740,236,43.5,137.5,1,1,1
R040039,M,750,238,43,130,0,3,0
R040074,M,780,245,46,138,1,1,1
R040112,M,740,239,47,138,0,1,0
R040127,F,730,229,43,130,1,1,1
R040132,M,750,246,45,137,0,1,0
R040141,M,740,238,44,134,2,1,2
R040149,F,710,220,41,133,0,3,0
TA15479,F,730,239,44,141,0,1,0
TA15484,M,760,241,46,140,4,4,1
TA15501,F,720,231,43,137,4,2,2
TA15539,M,760,238,45,139,0,1,0
TA15541,F,725,235,43,137,1,3,0.333333333333333
TA15588,F,730,238,44,136,2,2,1
TA15596,M,740,231,45.5,136,0,1,0
TA15668,F,750,236,44,135,0,1,0
TA16484,F,730,237,46.5,141.5,2,2,1
TA16589,F,740,227,44,137,1,3,0.333333333333333
TA16701,F,730,228,43,134,0,1,0
TA16706,M,730,240,47,132,0,1,0
TA16712,M,725,230,45,128,0,1,0
TA16721,F,725,229,44,139,0,1,0
TA16757,F,755,229,43,138,5,3,1.66666666666667
TA16800,F,730,230,43,135,0,3,0
TA16843,F,730,228,43,136,2,2,1
TA16845,M,770,228,45,137.5,0,1,0
TA16894,F,720,235,43,147,1,1,1
TA16896,M,780,235,44,136,0,1,0
TA16908,M,740,231,48,135.5,0,2,0
TA16909,M,750,232,45,133,0,1,0
TA16923,F,740,231,43,136,0,1,0
TA16957,F,720,222,43,137,0,1,0
TA16975,M,760,240,44,143,0,1,0
TA16995,F,720,230,42.5,135.5,0,1,0
VR27842,F,710,234,46,140,0,1,0
VR27854,F,735,229,44,137,0,2,0
VR27888,F,710,238,41,132,0,1,0
VT33313,F,730,220,41,131,1,1,1
VT33317,M,760,234,44,130,2,2,1
VT33336,F,720,232,44,139,0,1,0
VT33378,F,710,238,43,146,0,1,0
VT33379,M,735,238,42.5,136,6,5,1.2
VT33383,F,720,232,45,138.5,0,1,0
VT33395,F,710,228,44,135,0,1,0
VT33396,F,710,228,42.5,142,0,1,0
VT33419,M,750,240,44,136,1,1,1
VT33463,M,740,238,47,133.5,0,1,0
VT33480,M,785,245,47,138,0,1,0
VT33486,M,740,227,42.5,133,2,3,0.666666666666667
VT33500,M,760,234,45,134.5,1,1,1
VT33506,M,740,237,45,137,0,1,0
VT33529,F,740,232,45,135,0,1,0
VT33548,M,780,241,48,135,5,3,1.66666666666667
VT33550,M,720,231,44,132,0,2,0
VT33556,F,710,225,44,137.5,1,1,1
VT33603,M,770,238,45.5,138.5,1,2,0.5
VT33629,M,750,231,44,134,0,1,0
VT33662,F,715,220,43,138,0,1,0
VT33689,F,720,233,42,135,0,1,0
VT33713,F,700,228,42,135,1,3,0.333333333333333
VT33733,F,720,228,43,144,0,1,0
VT33740,F,720,230,44,139,0,1,0
VT33764,F,730,233,43,135,0,5,0
VT33779,M,755,234,43.5,133.5,0,1,0
VT33942,M,740,228,43,142,2,3,0.666666666666667
VT33949,M,745,230,44,135,0,1,0
F952917,F,720,228,43,130,0,1,0
F952951,F,720,235,43,134,0,2,0
N200850,M,750,239,47,133,1,1,1
P439190,M,760,243,45.5,135,0,3,0
P439191,M,755,237,46,130,0,1,0
T177505,M,750,237,41,141,3,3,1
T177506,F,730,229,44,137,2,2,1
T177507,F,730,219,42,132,1,1,1
T177521,F,715,228,43,143,3,3,1
T177522,M,760,235,45,142,1,1,1
T177523,F,740,225,44,138,0,3,0
TB21811,F,725,227,45,138,2,1,2
VF63172,F,695,221,43,133.5,0,1,0
VF64825,M,770,234,45.5,135,2,1,2
VH21716,F,710,235,45,147,1,1,1
VH21778,F,730,235,45,132,2,1,2
VR91221,F,730,230,44,140,4,5,0.8
VR91375,F,730,223,44,135,3,1,3
VR91385,M,770,250,46,135,1,1,1
VR98317,F,715,236,42,138,1,2,0.5
VS83864,F,760,232,43,139,2,2,1
VS83870,M,770,238,44,137,0,1,0
VS84918,M,765,232,45,126,1,1,1
VS84950,M,750,238,45,135,0,1,0
VS84959,F,720,229,42,130,0,2,0
VS84962,M,750,228,45,130,2,1,2
VS84968,M,760,243,46,132,3,3,1
E985041,F,740,227,46,142,1,1,1
E985046,M,770,240,47,138,0,1,0
E985047,M,740,235,44.5,128,0,3,0
E985048,M,780,240,47,134,4,3,1.33333333333333
E985049,F,730,232,43,138,0,1,0
E985051,F,730,228,44,136,2,1,2
E985052,M,750,237,46,137,2,1,2
E985060,F,750,228,45,143,1,2,0.5
E985061,M,755,240,44,130,0,1,0
E985062,F,715,221,43,135,0,1,0
E985064,M,750,245,47,135,1,1,1
E985065,M,760,231,46,133,1,2,0.5
E985066,F,740,230,44,147,3,2,1.5
E985067,M,770,240,44,130,1,2,0.5
E985069,M,765,241,45,133,0,1,0
E985072,M,760,241,45,139,0,1,0
E985074,M,740,231,46.5,128,2,1,2
E985075,F,730,229,45.5,139,2,3,0.666666666666667
E985077,F,735,221,44.5,130,2,1,2
E985080,M,750,241,45.5,129,0,1,0
E985082,F,740,216,42,131,3,1,3
E985083,M,770,237,47.5,134,0,1,0
E985084,M,765,238,45,136,0,1,0
E985085,M,770,230,46,131,5,2,2.5
E985086,F,750,238,47,136,2,4,0.5
E985087,M,760,231,47,130.5,0,1,0
E985088,F,745,219,44,134,3,3,1
E985089,F,730,225,43,140,3,2,1.5
E985091,M,770,237,45,140,1,1,1
E985092,M,740,229,47,131,0,1,0
E985093,M,760,235,46,136,1,1,1
E985094,F,725,232,45,145,1,1,1
E985095,M,760,235,45,133,2,2,1
E985096,M,740,238,45,130,0,1,0
E985098,M,750,232,46,134,1,3,0.333333333333333
E985099,F,720,228,46,153,0,1,0
H300611,M,770,228,44,130,4,1,4
H300613,F,755,228,44,136,3,1,3
H300627,M,760,227,44,133,0,1,0
H300634,M,765,237,44.5,136,0,1,0
H300640,M,750,230,45,132,0,2,0
H300646,M,780,240,48,138,1,1,1
H300687,M,790,230,45,136,3,2,1.5
N200902,M,765,242,46,135,1,1,1
N200904,F,710,230,44,137,0,1,0
N200905,F,725,237,41,132,1,2,0.5
N200906,M,765,241,44,137,2,3,0.666666666666667
N200907,M,770,235,46,135,3,3,1
N200908,F,715,230,43,135,0,1,0
R999452,M,760,238,45,134,2,1,2
R999485,M,750,229,45,133,0,1,0
T176396,M,760,231,46,131,2,1,2
T176401,M,750,227,45,134,1,2,0.5
T176404,M,750,233,45,131,1,1,1
T176477,M,740,240,44,132,3,4,0.75
T176481,M,735,227,47,127,1,1,1
T177537,F,735,233,46,140,1,1,1
T177550,F,770,238,44,142,0,1,0
T177600,M,770,239,47,132,0,1,0
TB26361,M,740,230,46,133,0,1,0
TB26378,M,765,239,47,128,2,1,2
TB26383,F,735,230,42,142,1,1,1
TB26389,F,720,237,44.5,140,0,1,0
TB26574,F,720,228,42.5,133,3,2,1.5
TB26577,M,760,239,44,133,0,1,0
TB26591,M,760,240,46,133,0,1,0
TB26609,F,730,228,43,129,0,1,0
TB26611,F,735,231,44,131,0,1,0
TB26623,M,750,235,45,145,5,2,2.5
TB26643,M,735,239,46,137,3,1,3
TB26660,F,740,226,44,134,0,1,0
TB26674,F,730,217,44,136,0,1,0
TB26680,F,740,235,46,136,0,1,0
TB26693,F,740,228,46,136,2,3,0.666666666666667
TB26699,F,750,231,44,141,1,3,0.333333333333333
TC58024,F,740,226,43.5,137,1,1,1
TC58032,F,735,230,45,135,0,2,0
TC58038,F,735,224,43,140,2,1,2
TC58041,M,765,233,45,136,2,5,0.4
TC58047,M,770,230,46,135,1,4,0.25
TC58094,M,740,235,46,138,0,2,0
TC58123,M,760,244,45,129,0,1,0
TC58132,F,700,223,46,134,0,1,0
TC58140,F,730,228,43,140,1,1,1
TC58142,F,730,225,42,135,2,2,1
TC58154,M,760,241,45,133,3,1,3
TC58172,F,730,236,43,131,0,1,0
TC58188,F,730,235,43.5,134,0,1,0
TC58196,M,760,235,46,135,0,1,0
TC58263,M,770,242,47,128,1,1,1
TC58270,M,740,231,46,133,0,1,0
TC58340,M,740,238,47,138,0,1,0
TC58350,F,760,230,44,133,1,1,1
TC58354,M,780,231,45,129,0,1,0
TC58365,F,730,230,43,137,1,1,1
TC58368,F,720,230,46,194,0,1,0
TC58369,M,760,237,48,139,4,2,2
TC58372,M,760,230,45,134,7,3,2.33333333333333
TC58376,M,770,236,48,128,1,1,1
TC58381,F,730,224,43,134,0,1,0
TC58392,F,720,228,41.5,129,1,2,0.5
TC58414,F,730,230,40,139,0,2,0
TC58420,F,710,226,42,133,1,2,0.5
TC58463,F,725,223,44,135,1,2,0.5
TC58497,F,720,231,43,126.5,3,3,1
TC58504,M,740,232,46,134,1,1,1
TC58505,F,750,230,43,133,1,1,1
TC58510,F,730,222,45,137,0,4,0
TC58521,M,765,242,46,140,0,1,0
TC58559,F,725,221,43,134,0,1,0
TC58568,M,770,228,44,129,1,2,0.5
TC58573,M,765,231,45,127,0,1,0
TC58580,F,735,232,43,132,0,1,0
TC58583,F,740,230,42.5,136,1,3,0.333333333333333
TC58585,F,755,228,43.5,134,0,1,0
TC58911,F,730,230,44,137.5,1,1,1
VF63447,F,740,230,43,134,1,1,1
VF63478,M,760,240,45,131,0,1,0
VF63490,F,725,232,45,141,0,1,0
VF63705,F,730,224,44,132,1,1,1
VF63793,F,740,225,43,129,0,1,0
VF63805,F,730,235,44,137,1,1,1
VF63829,F,740,231,45.5,137,0,1,0
VF63851,M,760,228,45,134,2,2,1
VF63853,F,750,228,45,132,1,1,1
VF63927,F,750,230,41.5,133,3,3,1
VF63946,F,695,219,42,129,0,1,0
VR98183,F,750,235,44,134,0,1,0
VR98349,F,730,227,45,139,0,1,0
VR98355,M,760,238,46,142,0,1,0
J644816,M,745,235,44.5,126.5,0,3,0
J644828,M,740,236,44,125,1,2,0.5
J644829,F,710,228,41,135,2,1,2
T176813,M,760,233,45,134,0,1,0
TA15992,F,700,230,42,131,0,1,0
TC58788,M,770,240,46,134,0,1,0
TC58817,F,730,231,43,140,0,1,0
TC59098,M,740,238,46,147,0,1,0
TE80006,F,740,230,44,144,0,1,0
TE80125,F,720,234,45,136,2,2,1
TE80336,F,720,231,42,139,0,1,0
TE80345,M,740,230,45,137,1,1,1
TE80684,M,780,232,46,129,0,1,0
N199484,M,760,240,44,138,1,1,1
N199485,F,710,226,44.5,144,0,2,0
N199634,F,740,233,43,134,1,1,1
N199637,F,750,231,45,135,0,2,0
N199640,F,750,230,45,140,1,1,1
N199641,M,760,240,45,134,1,4,0.25
N199642,F,740,222,44,137,2,1,2
N199643,F,720,220,45,135,0,1,0
N199644,F,720,230,44,135,1,3,0.333333333333333
N199645,M,745,238,46,135,3,2,1.5
N199646,M,770,247,46,134,0,1,0
N199647,F,730,235,45,140,1,1,1
N199649,F,750,239,45,144,0,1,0
N199650,M,730,234,44,130,0,1,0
N199651,F,740,230,44,133,0,1,0
N199652,F,725,225,43,135,1,3,0.333333333333333
P439583,M,770,241,46,136,0,1,0
R639243,M,760,237,45,136,5,2,2.5
R639246,F,760,233,44,132,0,2,0
R639253,F,720,230,43,131,0,1,0
T177644,M,770,241,43,131,3,1,3
T177741,F,730,240,44.5,145,0,1,0
T640586,M,770,238,45,135,0,2,0
TB26839,F,720,220,45,140,3,1,3
TB26884,M,750,238,46.5,129,0,2,0
TB26890,F,725,230,43,138,6,3,2
TC59198,M,740,243,45,130,0,1,0
TC59363,F,745,223,46,139,0,1,0
TC59481,F,735,230,44,132,0,2,0
TC59491,M,750,235,44,127.5,0,1,0
TC59601,F,720,221,44,126,0,1,0
TC59635,F,735,231,44,130,0,1,0
TC59652,F,755,228,43,132,0,1,0
TC59676,M,740,236,43,130,0,4,0
TC59725,F,720,230,45,136,0,1,0
TC59784,M,740,235,44,134,0,1,0
TC59842,F,730,222,44,137,0,2,0
TC59922,M,760,237,46,132,0,1,0
TC59941,F,700,221,45,135,2,2,1
TK25817,M,740,241,43.5,140,1,1,1
TK25825,M,760,241,48,131,0,1,0
TK25834,M,770,239,45,136,0,1,0
TK25862,F,710,222,42,135,0,1,0
TK26049,F,720,231,45,140,0,1,0
TK26228,F,730,228,43,139,2,4,0.5
TK26234,F,720,227,43,138,1,1,1
TK26251,F,750,232,44,137,0,1,0
TK26257,M,760,228,46,136,0,2,0
TK26264,F,750,227,45,146,0,3,0
TK26287,F,730,220,43,130,5,2,2.5
TK26300,M,760,233,45,136,3,3,1
TK26348,M,780,250,46,136,1,1,1
TK26376,M,760,239,42,125,0,1,0
TK26389,F,730,230,45,138,0,1,0
TK26542,M,770,232,45,136,0,2,0
TK26608,F,710,227,43,130,0,1,0
TK26609,M,740,232,45,136,0,3,0
TK27402,M,740,239,45,131,0,1,0
TK27403,F,710,230,44,140,1,1,1
TK27406,F,740,223,43,141.5,0,1,0
TK27821,M,770,242,46,138,0,2,0
N199673,M,760,239,45,131,0,1,0
N199681,F,730,222,44,138,1,3,0.333333333333333
N199948,F,720,231,43,136,0,1,0
N199982,M,740,233,41,136,0,4,0
N199983,F,730,230,42,134,0,1,0
N199984,F,730,235,45,124,0,1,0
N199986,M,750,234,45,139,0,1,0
N199987,F,730,225,45,148,0,1,0
N199989,F,735,240,44,136.5,0,1,0
N199990,M,760,232,45,132,0,1,0
N199991,F,735,231,44.5,141,1,3,0.333333333333333
N199992,F,730,230,42,135,0,1,0
N199993,M,770,231,46,139,0,1,0
N199994,F,720,235,45,147,0,1,0
N199996,F,730,225,43,142,0,1,0
T176970,M,760,235,46,136,0,1,0
T176973,F,725,220,42,132,1,1,1
TC58632,F,700,221,43.5,136,1,3,0.333333333333333
TJ27677,M,770,238,44,135,2,2,1
TJ27759,M,750,235,44,147,0,1,0
TJ27864,F,735,240,41,133,0,1,0
TK26931,F,730,231,42,138,0,1,0
TK27297,F,745,230,44,136,0,1,0
