Ind_ID,Tarsus,Sex,InbreedingF,F_Gen,FBroodID
1021,17.2,1,0,157,9
1032,16.9,1,0,128,27
1036,16.4,1,0,236,58
1195,17.6,1,0,166,112
1219,17.2,1,0,190,38
1238,16.7,1,0,190,71
1243,17.3,1,0,200,93
1267,17.3,1,0,197,55
1271,17.3,1,0,197,55
1301,17.8,1,0,150,64
1312,18,1,0,194,122
1327,17.1,1,0,108,28
1333,18,1,0,205,52
1337,17.5,1,0,124,86
1342,17.1,1,0,194,62
1345,17.2,1,0,124,52
1356,17.1,1,0,244,77
1357,17.8,1,0,244,77
1363,17.5,1,0,163,76
1379,18,1,0,167,50
1384,17,1,0,130,46
1385,17.3,1,0,130,46
1386,18.1,1,0,205,66
1400,16.9,1,0,130,66
1416,17.5,0,0,197,30
1425,16.9,0,0,174,54
1427,16.7,0,0,1516,85
1431,17.7,0,0,200,65
1432,16.6,0,0,194,85
1434,17.2,0,0,197,30
1437,17.9,0,0,115,23
1439,18.6,0,0,202,70
1442,17,0,0,214,65
1443,18,0,0,215,59
1444,17.4,0,0,108,36
1445,17.7,0,0,203,72
1446,17,0,0,203,72
1447,18.1,0,0,202,70
1450,17,0,0,104,48
1451,17.3,1,0,194,41
1454,17.1,0,0,193,68
1456,15.8,0,0,108,36
1457,16.9,0,0,209,48
1458,17,1,0,194,41
1459,17.5,1,0,194,41
1463,17.1,1,0,108,36
1465,17.2,0,0,216,31
1472,17.3,1,0,203,60
1480,17.4,0,0,215,115
1484,17,1,0,146,53
1489,17.2,0,0,134,34
1496,17,0,0,210,35
1501,16.8,1,0,134,34
1502,17.9,0,0,212,25
1503,17.3,0,0,217,81
1506,16.9,0,0,211,89
1509,16.7,0,0,191,81
1523,17.8,0,0,126,39
1525,17.3,0,0,191,84
1527,17.7,0,0,177,8
1533,17.6,1,0,191,119
1534,17.8,0,0,211,89
1536,17,1,0,217,94
1540,17.3,0,0,169,119
1541,17,1,0,217,94
1542,17.7,0,0,177,8
1544,17.5,0,0,172,73
1551,17.3,1,0,204,100
1558,17.2,1,0,122,114
1563,17,0,0,204,100
1566,17.3,0,0,199,4
1567,16.9,0,0,204,100
1571,17,0,0,212,83
1572,18.1,0,0,207,56
1581,15.6,0,0,228,56
1585,17.2,1,0,213,105
1586,18.2,0,0,239,29
1597,17.4,0,0,129,87
1599,17.1,1,0,205,45
1603,17.4,1,0,239,29
1604,17.3,0,0,129,87
1608,17.7,1,0,248,91
1609,17.5,0,0,198,44
1613,17.2,0,0,198,44
1615,17,0,0,205,45
1617,17.4,1,0,116,44
1621,17.3,1,0,195,95
1627,17.8,1,0,216,82
1633,17.1,1,0,216,110
1641,16.8,1,0,216,110
1642,17,1,0,211,113
1646,17.3,1,0,216,110
1652,18,0,0,217,32
1654,17.3,0,0,220,32
1662,17.2,0,0,191,12
1664,16.3,1,0,215,63
1666,17.4,0,0,199,69
1668,17,1,0,191,42
1669,17.4,0,0,160,42
1672,17.9,0,0,220,11
1686,18.1,1,0,217,37
1968,17.9,1,0,192,109
2006,17.5,1,0,120,116
2019,16.6,1,0,219,51
2029,16.8,1,0,221,120
2032,16.6,1,0,221,120
2034,16.8,0,0,207,2
2058,17.4,0,0,222,107
2064,16.2,0,0,112,10
2065,17.8,1,0,123,90
2066,17.7,1,0,123,90
2068,18.2,1,0,106,67
2069,17.9,1,0,106,18
2070,17.8,0,0,106,67
2071,17.4,0,0,127,80
2072,17.2,1,0,127,80
2073,17.9,1,0,151,17
2074,17.7,1,0,174,17
2075,17.1,1,0,174,17
2080,17.2,0,0,200,74
2081,16.8,1,0,208,57
2082,16.6,1,0,208,57
2083,16.8,1,0,208,57
2084,17.2,0,0,133,88
2085,16.5,1,0,112,10
2086,18.6,1,0,123,90
2088,17.7,1,0,225,123
2089,18,1,0,225,123
2091,16.6,0,0,200,103
2094,17.7,0,0,200,103
2095,17.2,1,0,113,21
2096,17.5,1,0,151,17
2098,16.1,0,0,200,103
2099,18.1,0,0,113,21
2100,18.5,1,0,113,21
2103,16.9,1,0,113,21
2105,16.3,0,0,161,96
2106,17.3,0,0,207,1
2108,17,0,0,123,90
2109,17.3,1,0,101,16
2110,17.2,1,0,139,101
2111,17.3,0,0,139,16
2117,16.6,0,0,139,101
2118,17,0,0,139,101
2119,18,1,0,243,26
2120,17.7,0,0,243,26
2123,17.9,1,0,129,118
2124,17.8,1,0,243,26
2127,17.5,1,0,218,6
2130,16.7,0,0,206,61
2134,18,0,0,196,5
2136,17.2,0,0,196,5
2137,17.2,0,0,196,5
2139,16.7,0,0,161,106
2141,17.5,1,0,218,6
2143,17,0,0,125,20
2144,17,0,0,159,111
2145,16.8,0,0,159,111
2146,17,0,0,159,111
2149,17.3,1,0,159,111
2152,16.7,1,0,125,20
2153,17.4,1,0,125,20
2156,18.1,0,0,102,98
2164,17.2,0,0,205,92
2165,17.9,0,0,161,24
2167,16.2,0,0,150,7
2168,18.3,0,0,220,92
2171,17.9,1,0,177,13
2172,18,0,0,177,13
2176,16.3,1,0,156,124
2177,17.7,0,0,223,43
2178,16.9,1,0,257,121
2181,17.2,1,0,205,92
2184,15.5,0,0,150,7
2185,18.4,0,0,220,121
2188,17.8,0,0,133,49
2189,17.2,0,0,223,47
2193,18.5,1,0,220,121
2195,17.5,1,0,204,40
2198,17.3,1,0,133,49
2201,17.2,0,0,110,40
2221,16,0,0,156,79
2222,16.6,0,0,156,79
2224,17.7,0,0,177,117
2225,18.2,1,0,177,117
2226,17.2,1,0,177,117
2229,17.2,0,0,197,75
2231,17.7,1,0,250,99
2232,17.9,1,0,245,99
2233,17,0,0,197,75
2234,16.8,1,0,110,108
2236,16.8,1,0,136,104
2237,18.5,1,0,142,97
2238,17.1,1,0,142,97
2239,16.7,0,0,108,102
2240,17.3,1,0,142,97
2241,16.8,0,0,236,97
2242,18.8,0,0,110,108
2243,17,0,0,250,78
2244,17.5,0,0,250,78
2245,17.1,0,0,250,78
2246,17.4,0,0,250,78
2247,17.9,1,0,122,22
2248,17.5,0,0,122,22
2249,17.1,1,0,122,22
2250,17.3,1,0,436,22
2251,17.1,0,0,236,14
2252,17.1,1,0,236,14
2253,17.9,0,0,236,14
2254,17.1,1,0,132,14
2255,17.8,1,0,188,3
2256,17.9,1,0,240,33
2258,17.2,1,0,109,19
2259,17.3,1,0,109,19
2260,17.9,0,0,188,3
2261,17.2,0,0,188,3
2262,17.7,1,0,188,3
2263,17,0,0,236,33
2264,17,1,0,236,33
2265,17.1,0,0,236,33
2266,18,1,0,114,19
2267,16.3,0,0,255,15
2268,17.3,1,0,126,15
2269,17.4,0,0,117,125
2270,16.9,0,0,117,125
2271,16.8,0,0,117,125
2273,17.2,0,0,114,19
4123,17,0,0,1615,2395
4124,17.9,0,0,1666,2395
4125,17.1,1,0,2146,2395
4126,17,1,0,1615,2425
4127,17.6,1,0,1613,2425
4128,17,0,0,1666,2327
4129,16.5,1,0,2146,2142
4132,18.3,0,0,1654,2202
4133,17.6,1,0,2245,2425
4134,17.7,1,0,2245,2425
4135,17.1,1,0,2245,2425
4136,16.6,1,0,2269,2202
4137,17.2,1,0,1457,2202
4138,17.9,1,0,1571,2318
4139,17.9,1,0,1672,2345
4140,17.9,1,0,1672,2345
4141,17.9,1,0,2263,2134
4142,17.1,0,0,2071,2192
4143,16.9,0,0,2071,2414
4147,16.7,1,0,2143,2142
4148,18,0,0,1489,2234
4149,17.6,1,0,1489,2234
4150,17.8,1,0,1437,2273
4151,17.6,1,0,1654,2293
4152,17.9,1,0,2245,2373
4153,17.8,0,0,1672,2373
4154,17.3,0,0,1654,2262
4155,16.7,0,0,1666,2262
4156,17.2,0,0,2071,2134
4157,17.8,1,0,2263,2134
4158,17.3,1,0,2263,2268
4159,18.2,1,0,1439,2268
4160,18.1,0,0,1439,2368
4161,18.6,0,0,1439,2368
4162,17.2,0,0,1447,2142
4163,17.3,1,0,1571,2173
4164,17.4,1,0,1544,2202
4165,17.2,1,0,2143,2234
4166,17.5,0,0,1437,2293
4167,17,1,0,2239,2314
4168,17.9,1,0,1604,2134
4169,16,1,0,1456,2192
4170,17.6,1,0,1604,2218
4171,16.5,0,0,2241,2414
4172,17.4,1,0,2071,2420
4173,17.7,0,0,1542,2173
4174,17.1,0,0,1571,2223
4175,17.3,0,0,1457,2223
4176,17.1,1,0,1544,2314
4177,17.2,1,0,2246,2318
4178,17.1,1,0,2246,2345
4179,18,1,0,2245,2373
4180,17.3,1,0,2263,2420
4181,16.9,0,0,1432,2173
4182,17,1,0,1489,2186
4183,17.4,1,0,2143,2202
4184,17.1,1,0,1457,2273
4185,17,1,0,1457,2273
4186,17.9,1,0,1489,2299
4187,17.3,0,0,2184,2314
4188,17.6,1,0,1527,2314
4189,17.2,0,0,1425,2318
4190,18,0,0,1672,2373
4191,17.2,0,0,1604,2218
4195,16.2,0,0,1544,2186
4196,17.5,1,0,1457,2223
4197,17.2,1,0,1425,2293
4201,16.9,1,0,1457,2299
4202,16.5,0,0,1669,2373
4203,18.2,0,0,2120,2284
4204,17,1,0,1604,2309
4205,17.2,0,0,1425,2309
4206,16.3,1,0,2071,2391
4209,16.1,0,0,1432,2186
4210,17.4,1,0,1527,2318
4211,17.5,1,0,1425,2350
4212,17.3,1,0,2271,2153
4213,17.6,0,0,2058,2309
4217,16.4,0,0,2058,2384
4220,16,0,0,1544,2223
4221,17,1,0,2120,2218
4222,18.3,0,0,2248,2284
4223,16.8,0,0,2120,2420
4224,18.4,0,0,2248,2304
4225,17.9,0,0,2248,2304
4226,17.4,1,0,2244,2304
4227,16.9,0,0,1432,2304
4228,16.1,0,0,2222,2153
4229,17.9,0,0,2271,2384
4230,16.8,0,0,2222,2384
4231,16.9,0,0,2120,2391
4233,17.3,0,0,2271,2384
4239,17.8,1,0,1572,2333
4240,18,0,0,2248,2333
4241,16.9,0,0,2244,2333
4242,17.4,0,0,1572,2350
4243,17,0,0,1427,2129
4244,17.2,1,0,1427,2246
4245,17.5,1,0,1442,2251
4248,17.8,1,0,2111,2138
4249,18,0,0,1427,2339
4254,17.1,0,0,1572,2333
4255,17.3,1,0,1652,2129
4256,16.3,0,0,1427,2138
4257,16.9,1,0,1442,2138
4258,17.8,0,0,2111,2241
4259,17.9,0,0,1502,2241
4260,17.8,1,0,1523,2251
4261,17.4,1,0,1503,2251
4262,17.8,0,0,2137,2241
4263,16.7,0,0,2244,2339
4272,17,0,0,2137,2148
4273,17.2,1,0,2244,2129
4274,17.2,0,0,1509,2339
4275,17,1,0,1654,2148
4276,17.8,0,0,1654,2148
4281,17.3,0,0,2137,2148
4282,16.8,0,0,1432,2148
4283,17.2,0,0,1457,2213
4284,17.1,0,0,1457,2213
4285,16.6,1,0,2244,2213
4291,17.6,1,0,1571,2323
4292,16.7,1,0,1571,2228
4293,17.8,1,0,1571,2228
4294,17.4,1,0,1457,2323
4297,16.5,1,0,2269,2213
4301,17,1,0,1457,2213
4302,16.9,0,0,2267,2213
4303,17.3,1,0,1544,2323
4304,17.3,1,0,1425,2323
4305,17.6,1,0,1425,2362
4306,16.8,0,0,1613,2362
4307,17.5,1,0,2267,2228
4312,17,1,0,1544,2328
4313,18,1,0,2253,2328
4314,17.1,1,0,1456,2328
4315,17.2,1,0,2253,2362
4316,17.9,1,0,2253,2362
4319,17.3,1,0,1425,2362
4324,16.3,0,0,1456,2356
4325,16.8,0,0,1456,2356
4334,16.3,1,0,2144,2193
4335,17.3,0,0,2244,2193
4336,18.6,1,0,1439,2135
4337,17.4,1,0,2269,2135
4338,16.3,1,0,2144,2224
4339,17.5,0,0,1544,2397
4344,17.3,0,0,2269,2270
4345,17.1,0,0,1572,2270
4346,17.3,1,0,1544,2270
4347,17.4,0,0,1544,2427
4348,17.7,1,0,2244,2224
4349,18.2,1,0,1654,2144
4350,17.5,1,0,2267,2144
4356,16.5,1,0,2146,2144
4357,17,0,0,1425,2144
4358,16.3,0,0,2146,2397
4359,18.1,0,0,2267,2397
4360,17.9,0,0,1425,2397
4361,17.5,0,0,1654,2427
4362,17.1,0,0,2267,2224
4364,16.3,1,0,1544,2144
4365,17,1,0,1544,2270
4366,16.9,0,0,2244,2427
4367,17.3,0,0,1544,2204
4368,17.4,0,0,1654,2204
4370,17.6,1,0,1654,2397
4371,17.4,1,0,2267,2427
4372,17.2,0,0,2143,2427
4373,18,0,0,2143,2334
4376,17.3,0,0,1425,2370
4377,17.5,1,0,1654,2370
4378,17.7,1,0,1654,2416
4379,16.7,1,0,2071,2204
4380,17.9,1,0,1613,2301
4381,17.1,0,0,1425,2264
4382,17.2,1,0,1613,2422
4383,17.6,0,0,1652,2334
4384,17.3,1,0,1437,2144
4385,17.9,0,0,1652,2236
4386,17.5,1,0,1503,2236
4387,16.8,1,0,2071,2301
4388,17.2,0,0,1652,2311
4389,17.6,1,0,1613,2311
4390,18.2,1,0,1437,2422
4391,17.7,1,0,1503,2204
4395,17.3,1,0,2244,2204
4396,17.4,0,0,1425,2347
4397,17.5,1,0,2071,2264
4398,17.5,1,0,1437,2416
4401,17.5,1,0,2071,2347
4402,17.5,0,0,2245,2370
4403,18.2,1,0,2245,2311
4405,17.2,0,0,1503,2334
4406,17.8,1,0,2244,2347
4407,17,0,0,2263,2301
4408,17.4,1,0,2245,2301
4409,17.2,1,0,2263,2370
4410,17.6,0,0,2269,2416
4411,17.3,1,0,1437,2370
4412,17.3,0,0,2245,2375
4413,17.8,0,0,2263,2422
4415,17.2,0,0,1437,2189
4416,18,1,0,1672,2375
4417,17.4,1,0,2244,2416
4418,17.8,1,0,1672,2416
4419,16,0,0,2263,2236
4420,17.5,1,0,1437,2301
4421,16.5,0,0,2269,2347
4422,16.9,1,0,2143,2311
4423,18.1,0,0,2143,2320
4424,18.1,1,0,2245,2286
4425,18,1,0,1503,2301
4426,17.3,1,0,2263,2347
4427,17,0,0,2143,2220
4428,17.2,0,0,1457,2306
4429,17,1,0,2263,2306
4430,17.2,1,0,1457,2306
4431,17.5,1,0,2246,2175
4432,17.5,1,0,1672,2286
4436,17,0,0,2239,2189
4437,16.9,1,0,2244,2189
4438,18,0,0,1439,2375
4439,16.7,0,0,1457,2320
4440,17.3,1,0,1604,2306
4441,17.8,0,0,1672,2175
4442,16.6,0,0,2244,2220
4443,17.4,1,0,1672,2220
4444,17.4,0,0,1439,2375
4445,17,1,0,2244,2286
4446,16.8,1,0,1527,2189
4447,16.1,1,0,1457,2422
4448,17.2,1,0,2246,2375
4449,18.3,1,0,1439,2175
4450,17.6,1,0,1672,2306
4452,16.5,1,0,1604,2175
4453,17.8,0,0,1480,2139
4454,19,0,0,2120,2248
4455,17.7,0,0,1672,2248
4456,18.4,1,0,1652,2386
4457,17.2,1,0,2222,2320
4458,17,1,0,1604,2198
4459,17.3,0,0,1652,2198
4460,18.1,1,0,1480,2139
4461,18,1,0,1652,2229
4462,17.6,1,0,1442,2352
4463,17.5,0,0,1613,2229
4464,17.7,0,0,1572,2253
4465,16.9,0,0,1572,2156
4466,17.1,1,0,2156,2156
4467,16.9,0,0,1604,2393
4468,18.2,1,0,1523,2352
4469,17.8,1,0,1442,2291
4470,16.8,1,0,1613,2139
4473,18.1,1,0,1442,2291
4474,16.5,0,0,2137,2131
4475,17.4,0,0,1432,2253
4476,17.1,1,0,2156,2229
4477,17.6,1,0,1572,2131
4478,18.1,0,0,1523,2243
4479,17.9,0,0,2111,2253
4480,17.4,1,0,1442,2393
4481,18.1,0,0,2156,2386
4482,17,0,0,2137,2352
4483,16.1,1,0,1427,2393
4484,17.2,1,0,1503,2291
4485,17,0,0,2156,2352
4486,16.6,0,0,1427,2131
4487,17.2,1,0,1523,2243
4488,16.7,0,0,1503,2341
4489,17.6,1,0,2111,2253
4490,17.1,0,0,1503,2253
4491,17.6,1,0,1503,2341
4492,18.2,1,0,2156,2341
4493,18,0,0,2111,2243
4494,17.5,0,0,2156,2341
4495,16.9,1,0,2111,2243
4496,17.9,0,0,2111,2243
4499,17,0,0,1432,2215
4502,17.1,0,0,1571,2150
4503,17.2,0,0,1571,2150
4504,16.9,0,0,1432,2215
4505,17.3,0,0,1571,2150
4506,17.9,1,0,1571,2150
4507,17.1,1,0,1571,2364
4510,18.4,1,0,2156,2324
4511,17.8,1,0,1571,2324
4517,17.6,0,0,1432,2330
4518,17.9,0,0,2156,2330
4519,16.9,0,0,2239,2364
4523,16.8,1,0,2253,2150
4525,17.1,0,0,2253,2364
4526,17,0,0,2253,2324
4527,17.3,1,0,2239,2330
4528,17.4,0,0,2156,2296
4531,17.4,0,0,2253,2358
4532,17.9,0,0,2156,2358
4533,17.1,1,0,2271,2296
4534,16.9,0,0,2239,2358
4535,18,1,0,2156,2330
4537,17.2,0,0,2271,2296
4538,17.3,1,0,2253,2358
4539,17.7,1,0,2271,2145
4541,17.4,1,0,1572,2145
5001,17,1,0,1506,723
5002,17.4,0,0.03125,4459,1192
5003,17.4,0,0,4455,918
5004,16.8,1,0,4228,1003
5005,17.4,1,0,4413,1068
5006,17.9,1,0,4339,694
5007,16.9,1,0,4442,875
5008,17.3,0,0,4485,875
5009,17.5,1,0,4493,918
5010,16.8,0,0,4525,918
5011,17.2,1,0,4479,976
5012,16.6,1,0,4358,992
5013,17.4,1,0,4467,992
5014,16.6,0,0,4467,1003
5015,17.8,0,0,4467,1032
5016,17.6,0,0,4467,1068
5017,16.8,1,0,4486,1237
5018,16.9,0,0,4225,1261
5019,17.7,1,0,1439,676
5020,17.1,0,0,4225,676
5021,16.7,0,0,2143,762
5022,18,1,0,4479,938
5023,17.7,1,0,4455,964
5024,16.9,1,0,4442,964
5025,16.7,1,0,4231,998
5026,17.5,1,0,4361,1032
5027,17.6,0,0,2058,731
5028,17,0,0.125,4407,731
5029,17.4,1,0,4486,731
5030,17,0,0,1527,768
5031,15.8,1,0,2244,812
5032,17.2,1,0,4493,976
5033,16.5,0,0,4442,938
5034,17.3,0,0,4485,938
5036,17.2,1,0,4228,1032
5037,16.3,0,0,4228,992
5038,15.3,0,0,4526,1192
5039,16.6,1,0,4493,1116
5040,17.4,1,0,2263,1228
5041,17,0,0.125,4407,694
5042,17.3,0,0,4475,1264
5043,17.3,0,0.0625,4132,735
5044,16.9,0,0,1604,768
5045,17,0,0,4528,762
5046,17,1,0,4396,964
5047,16.1,1,0,4526,1032
5048,16.7,1,0,4272,1003
5049,17.1,1,0,4231,992
5050,16.6,0,0,4274,1228
5051,17.7,1,0,2143,1264
5052,16,0,0,4230,768
5053,17.2,0,0,4175,964
5054,16.6,0,0,4467,964
5055,16.8,1,0,4526,875
5056,16.7,1,0,4410,875
5057,16.6,1,0,4345,1116
5058,17.2,1,0,2156,735
5059,16.6,0,0,4518,968
5060,17.5,1,0,4175,1116
5061,17,1,0,1506,557
5062,17.8,1,0,4173,1274
5063,17.1,1,0,4453,1274
5064,17.4,0,0,4173,735
5065,16.6,0,0,4475,615
5066,17,0,0,2165,557
5067,17.2,0,0,2058,608
5068,17.2,1,0,2248,1274
5069,17,0,0,4402,968
5070,16.6,1,0,4362,1092
5071,16.7,1,0,4345,998
5072,15.7,0,0,4175,1003
5073,15.9,1,0,4263,1116
5074,16.2,1,0,4324,1112
5075,17.8,1,0,4203,1092
5076,16.6,1,0,4362,1203
5077,15.7,1,0,1506,537
5078,16.5,1,0,1666,608
5079,16.9,0,0,2165,827
5080,16,1,0,4228,1068
5081,16.6,1,0,4156,950
5082,16.7,0,0,4227,1112
5083,17,0,0,4485,1009
5084,17.3,1,0,4227,1009
5085,16.9,0,0,4205,1241
5086,17.4,0,0,4441,1104
5087,16.4,1,0,4517,1009
5088,17.9,1,0.0625,4132,544
5089,17.5,1,0,4227,899
5090,17.6,0,0,4174,741
5091,17.6,0,0,4518,1104
5092,16.5,1,0,4156,1104
5093,16.5,1,0,4174,663
5094,16.7,1,0,4381,663
5095,16.1,0,0,4205,837
5096,17.8,1,0.0625,4132,741
5097,16.4,1,0,4490,899
5098,16.3,1,0,2245,837
5099,16.4,0,0,4413,1198
5100,16.8,0,0,4494,1198
5101,16.9,1,0,4405,1053
5102,16.7,1,0,4490,1053
5103,17.4,1,0.125,4407,641
5104,17.9,1,0,2143,855
5105,16.8,0,0,4228,1136
5106,17,0,0,4494,1136
5107,17.7,0,0,4302,1188
5108,17.8,1,0,4241,1198
5109,17.2,0,0,4413,1053
5110,17.3,1,0,4225,1258
5111,16.8,1,0,4274,1258
5112,15.8,1,0,4205,820
5113,17.2,1,0,4225,855
5114,16.9,1,0,4325,1080
5115,17.6,0,0,4405,1210
5116,17.4,0,0,4254,1179
5117,17,1,0,4241,1179
5118,16,1,0,4228,1198
5119,16.6,0,0.125,4407,779
5120,17.2,0,0,4156,881
5121,17.5,0,0,4383,1130
5122,16.7,0,0,4281,1136
5123,17.5,1,0,4383,1210
5124,17.3,1,0,4228,1210
5125,17.4,1,0,1527,684
5126,17.7,1,0,2156,684
5127,16.3,0,0,2253,779
5128,16.5,0,0,4413,1080
5129,17.4,1,0,4191,881
5130,16.5,1,0,4325,886
5131,17.7,1,0,4302,886
5132,16.4,0,0,4525,1179
5133,17.7,0,0,4405,1188
5134,17.5,1,0,4413,1188
5135,17.6,1,0,4281,886
5136,16.4,1,0,4413,899
5137,17.2,0,0,4493,886
5138,16.8,0,0,4525,1080
5139,17,0,0,4254,1080
5140,17.1,1,0,4493,1130
5141,17.1,1,0,4490,881
5142,16.1,1,0,4325,1136
5143,16.7,0,0,4383,864
5144,17,0,0,4302,906
5145,17.2,1,0,4142,906
5146,17,0,0,4525,1130
5147,17.4,1,0,4272,1142
5148,17.2,1,0,4362,1154
5149,16.3,0,0,4302,1179
5150,16.8,1,0,4493,1179
5151,17,0,0,4229,1188
5152,16.9,1,0,4368,1210
5153,16.3,0,0,4493,893
5154,16.6,1,0,2058,604
5155,16.6,0,0.03125,4490,864
5156,16.8,0,0,4362,906
5157,17.6,0,0,4493,1037
5158,17.3,0,0,4203,1154
5159,17.1,0,0,4396,1154
5160,17.1,1,0,1439,623
5161,17.1,1,0,4173,604
5162,17,1,0,4241,1037
5163,18.2,0,0,4203,1059
5164,17.3,0,0,4231,1059
5165,17.7,0,0,4173,552
5166,16.6,0,0,4503,864
5167,17,0,0,4396,906
5168,17.1,0,0,4231,906
5169,17.3,0,0,4231,919
5170,16.2,1,0,4156,1173
5171,17.2,1,0,4156,552
5172,17.1,0,0,4241,893
5173,16.8,0,0,4474,1073
5174,16.6,0,0,4241,919
5175,17.6,1,0,4368,893
5176,16.7,0,0,4156,1037
5178,17,0,0,4362,1059
5179,16.3,1,0,4465,1173
5180,16.1,1,0,4490,906
5181,16.8,0,0,4467,919
5182,16.5,1,0,4227,1059
5183,17.5,1,0,4467,1073
5184,17.1,0,0,4485,1073
5185,17.9,0,0,4385,1160
5186,17.6,0,0,4241,1160
5187,17.6,0,0,4459,1167
5188,16.8,0,0,4231,1173
5189,16.8,0,0,4503,1173
5190,17.6,0,0,4175,1219
5191,16.6,1,0,4427,552
5192,16.3,0,0,4241,1059
5193,17,0,0,4227,1073
5194,16.8,0,0,4227,999
5195,17.2,0,0,4175,1073
5196,17.5,1,0,4467,1160
5197,17.2,0,0,4517,1160
5198,17.1,1,0,4362,1167
5199,17,1,0,4175,971
5200,16.6,0,0,4358,919
5201,16.7,0,0,4479,1167
5202,17.5,0,0,4442,971
5203,17.9,0,0,4455,977
5204,17.5,0,0,4413,977
5205,17,0,0,4494,999
5206,17.8,0,0,4405,1149
5207,16.6,1,0,4442,1219
5208,16.3,1,0,4358,876
5209,16.9,0,0,4361,999
5210,17.2,0,0,4361,1149
5211,17.8,1,0,4441,971
5212,16.6,0,0,4325,977
5213,16.6,1,0,4345,993
5214,16.7,1,0,4325,993
5215,17.1,1,0,4345,1149
5216,18,0,0,4413,1113
5217,17.4,0,0,4405,1113
5218,16.8,0,0,4362,1113
5219,17.2,0,0,4361,1215
5220,16.4,0,0,4517,1219
5221,17.8,1,0,4455,1219
5222,16.4,1,0,4345,1083
5223,17.6,1,0,4441,876
5224,16.9,0,0,4325,969
5225,17.5,0,0,4455,969
5226,17.7,0,0,4455,1083
5227,17,0,0,4325,1149
5228,16.5,1,0,4345,1215
5229,17.4,1,0,4191,1215
5230,17.9,1,0,4413,1194
5231,17.2,0,0,4229,1194
5232,16.7,1,0,4345,1194
5233,15.5,0,0,4526,1113
5234,17.5,0,0,4142,1004
5235,16.5,1,0.03125,4490,1083
5236,17.3,0,0,4494,993
5237,16.6,1,0,4402,1004
5238,16.9,1,0,4142,969
5239,17.6,1,0,4383,1013
5240,17.4,0,0,4479,956
5241,17.4,1,0,4191,939
5242,17,1,0,4479,927
5243,17.6,0,0,4493,939
5244,16.9,0,0,4493,931
5245,17.5,0,0,4493,927
5246,17.2,0,0,4494,1010
5247,17,1,0,4155,1010
5248,17.1,0,0,4467,931
5249,16.8,1,0,4396,931
5250,15.4,0,0,4233,1004
5251,17.3,0,0,4231,1107
5252,16.9,1,0,4383,867
5253,17.1,1,0,4396,1182
5254,16.3,1,0,4281,1205
5256,17.2,1,0,4467,1107
5257,17.1,1,0,4459,1205
5258,16.7,1,0,4231,1205
5259,17.3,1,0,4518,1182
5260,17.1,1,0,4227,1182
5261,16.5,1,0,4231,1182
5262,17,1,0,4254,867
5263,17.4,1,0,4459,867
5264,17.3,1,0,4503,867
5265,14.6,0,0.03125,4490,1004
6001,16.5,1,0,4358,1638
6002,17.7,1,0,4381,1879
6003,17,1,0,4467,1653
6004,16.1,0,0,2243,1399
6005,18.1,0,0,2248,1525
6006,16.6,0,0,4525,1618
6007,18,1,0,4503,1626
6008,17.2,1,0,4459,1638
6009,16.8,0,0,4517,1686
6010,17.1,0,0,4481,1693
6011,17.7,0,0,2253,1405
6012,18,0,0,2248,1405
6013,16.7,1,0,4160,1886
6014,17,1,0,4413,1644
6015,16.6,0,0,4396,1618
6016,17.5,0,0,4359,1626
6017,16.9,0,0,4142,1686
6018,17.6,1,0,4485,1700
6019,16.4,0,0,4205,1525
6020,17.5,1,0,4160,1593
6021,16.7,0,0,4493,1653
6022,17.2,0,0,4325,1644
6023,17.8,1,0,4385,1650
6024,17.4,0,0,4367,1482
6025,16.8,0,0,4442,1614
6026,17.5,0,0,4142,1680
6027,16.8,0,0,4231,1703
6028,17.3,1,0,4381,1851
6029,16.6,0,0,2058,1447
6030,18,0,0,4381,1589
6031,16.9,1,0,4228,1632
6032,16.5,0,0,4493,1686
6033,16.9,1,0,4481,1703
6034,17.8,1,0,4465,1703
6035,17.6,1,0,4231,1759
6036,17.9,1,0,2253,1851
6037,16.6,0,0,4325,1773
6038,18,1,0,4359,1780
6039,16.7,1,0,4525,1798
6040,17.9,0,0,4359,1607
6041,17,1,0,4485,1622
6042,16,1,0,4263,1680
6043,17.6,1,0,4493,1697
6044,16.6,1,0,4396,1700
6045,17,0,0,4481,1719
6046,17.2,0,0,4405,1719
6047,16.9,1,0,4231,1632
6048,16.6,0,0,4459,1650
6049,16.9,0,0,4503,1726
6050,15.9,1,0,4263,1632
6052,16.9,1,0,4224,1706
6053,16.2,0,0,4413,1686
6054,17,0,0,4485,1700
6055,16.7,0,0,4493,1726
6056,16.5,0,0,2058,1496
6057,17,0,0,4494,1644
6058,17,1,0,4231,1680
6059,15.6,1,0,4517,1762
6060,16.5,1,0,4241,1814
6061,17.3,1,0,4494,1814
6062,17.5,1,0,4362,1754
6063,18,1,0,4362,1675
6064,17,0,0,4362,1739
6065,17.5,0,0,4241,1757
6066,18.1,0,0,4191,1796
6067,16.9,1,0,4205,1898
6068,16.8,0,0,4442,1757
6069,17.5,1,0,4362,1791
6070,17.2,1,0,4325,1757
6071,17.6,0,0,4453,1505
6072,17.3,1,0,4415,1713
6073,17.2,0,0,4241,1739
6074,17.1,1,0,4444,1739
6075,17,1,0,4205,1436
6076,17.2,1,0,1615,1436
6077,16.3,1,0,2058,1431
6078,17.3,0,0,4191,1642
6079,16.9,1,0,1615,1431
6080,18.3,0,0,4203,1724
6081,17.2,1,0,4444,1724
6082,16.5,0,0,4325,1675
6083,16.2,1,0,4442,1642
6084,17.7,1,0,4493,1678
6085,17.5,0,0,4345,1678
6086,17.4,0,0,4405,1754
6087,17.9,1,0,4459,1724
6088,17.2,1,0,4325,1830
6089,17.6,1,0,4325,1791
6090,18.1,0,0,4459,1796
6092,17.5,1,0,1527,1493
6093,17.9,1,0,4444,1757
6094,17.2,1,0,4493,1786
6095,16.9,1,0,4217,1505
6096,16.3,1,0,2058,1898
6097,17.2,1,0,1527,1566
6098,17.7,0,0,4481,1642
6099,16.5,0,0,4518,1635
6100,17.1,0,0,4396,1678
6101,17,0,0,4493,1713
6102,16.4,1,0,4518,1713
6103,17.7,1,0,4385,1724
6104,17,0,0,2143,1392
6105,16.9,1,0,4345,1635
6106,16.8,0,0,4405,1739
6107,16.5,0,0,4228,1791
6108,16.9,1,0,4481,1791
6109,17.5,0,0,4302,1786
6111,16.9,1,0,4217,1471
6112,17.9,0,0,4465,1642
6113,17.9,0,0,4465,1665
6114,18.1,0,0,4467,1635
6115,15.9,0,0,4385,1713
6116,17,1,0,4263,1786
6117,16.6,1,0,4263,1808
6118,17,0,0,4359,1771
6119,16.9,1,0,4518,1789
6120,18.2,1,0,4385,1822
6121,16.6,1,0,2058,1570
6122,17.2,0,0,4156,1665
6123,17.2,0,0,4156,1822
6124,17,1,0,4276,1822
6125,17.4,0,0,4485,1771
6126,17.4,0,0,4405,1791
6127,17.9,1,0,4339,1891
6128,17.7,0,0,4173,1891
6129,16.9,0,0,4339,1534
6130,17.3,0,0,4385,1665
6131,16.4,0,0,4276,1808
6132,17.5,1,0,4231,1808
6133,17.4,0,0,4230,1582
6134,17.6,1,0,4173,1427
6135,17.4,1,0,4345,1665
6136,16.3,0,0,4156,1669
6138,16,0,0,1615,1867
6139,17.3,0,0,4231,1771
6140,17.1,1,0,4227,1789
6141,18.1,0,0,4173,1582
6142,16.6,0,0,4231,1669
6143,17.4,0,0,4465,1771
6144,16.4,0,0.0625,4368,1805
6145,16.8,1,0,2156,1468
6146,16.6,1,0,4467,1669
6147,16.7,1,0,4485,1767
6148,18.1,0,0,4173,1894
6149,17.1,1,0,4436,1767
6150,17.2,1,0,4467,1805
6151,14.9,0,0,4217,1388
6152,17.4,1,0,2156,1894
6153,16.9,0,0,4465,1669
6154,16.9,1,0,4503,1690
6155,17.4,1,0,4227,1811
6156,17,1,0,4358,1672
6157,17.3,1,0,4455,1672
6158,16.2,1,0,4525,1672
6159,17.4,0,0,4490,1672
6160,16.8,0,0,4358,1684
6161,16.1,0,0,4526,1690
6162,16.5,0,0,4532,1694
6163,16.3,1,0.0625,4532,1819
6164,17.7,1,0,4413,1694
6165,17,1,0,1450,1602
6166,17.1,0,0,4525,1684
6167,16.4,1,0,4526,1684
6168,16.9,0,0,4490,1684
6169,17.2,1,0,4455,1694
6170,16.8,1,0,4485,1698
6171,16.7,0,0,4358,1781
6172,16.9,1,0,4249,1811
6173,17.1,0,0,4160,1598
6175,17.4,0,0,4413,1627
6176,17.1,0,0,4413,1704
6177,17.2,0,0,4231,1781
6178,17,0,0,4532,1827
6179,17,0,0,4455,1827
6180,17.2,1,0,4413,1827
6191,17.4,1,0.0625,4531,1654
6192,16.5,1,0,4485,1684
6193,16.8,0,0,4526,1704
6194,16.6,0,0,4525,1819
6195,16.8,0,0,4475,1602
6196,17.4,0,0,4160,1602
6197,16.6,1,0,4231,1681
6198,17.4,1,0,4532,1698
6199,17.4,1,0,4249,1827
6200,16.7,0,0,4362,1645
6201,16.6,0,0,4231,1698
6202,17.1,1,0,4504,1872
6203,16.9,0,0,4339,1872
6204,17.5,0,0,4231,1704
6205,17,0,0,4231,1800
6206,17.2,1,0,4241,1654
6207,17.4,1,0,4531,1681
6208,17.3,0,0,4415,1639
6209,16.8,0,0,4463,1639
6210,17.1,1,0,4362,1704
6211,17.7,1,0,4517,1707
6212,16.3,1,0,4504,1502
6214,17,1,0,4228,1639
6215,17.1,1,0,4532,1654
6216,17.5,0,0,4415,1707
6217,17.2,1,0,4494,1716
6218,17,0,0,4415,1800
6219,17.1,0,0,4228,1800
6220,17.2,1,0,4531,1815
6221,17.8,1,0,4225,1502
6222,17.3,1,0,4339,1555
6224,17.6,0,0,4359,1707
6225,17.2,0,0,4142,1778
6226,17.2,0,0,4405,1815
6227,17.1,1,0,2143,1397
6228,16.7,0,0,2143,1555
6229,16.7,0,0,4436,1639
6230,17.3,0,0,4396,1645
6231,17,1,0,4490,1645
6232,17.5,1,0,4442,1681
6233,17.1,1,0,4444,1707
6234,17.3,1,0,4517,1778
6235,17.5,1,0,4142,1815
6236,16.6,0,0,4225,1555
6237,17.1,1,0,4485,1654
6238,18.1,0,0,4405,1624
6239,17.1,0,0,4325,1737
6240,17.1,0,0,4459,1624
6241,17.4,0,0,4465,1609
6242,18.4,0,0,4405,1737
6243,18.1,0,0,4493,1687
6244,16.2,1,0,4229,1624
6245,17.8,0,0,4494,1737
6246,17.7,1,0,4436,1737
6247,17.5,0,0,4531,1687
6248,16.7,1,0,4493,1778
6249,16.7,0,0,4493,1815
6250,16.8,0,0,4465,1687
6251,17,0,0,4407,1648
6252,17.7,0,0,4494,1620
6253,16.9,0,0.0625,4368,1609
6254,16.9,1,0,4465,1775
6255,17.6,0,0,4436,1783
6256,16.9,0,0.03125,4490,1616
6257,17.2,0,0,4493,1648
6258,17.2,1,0.0625,4368,1687
6259,16.6,0,0.03125,4490,1783
6260,17,0,0,4281,1721
6261,17.1,1,0,4358,1775
6262,17.4,1,0,4503,1775
6263,16.6,0,0,4358,1620
6264,16.6,0,0,4227,1701
6265,17.8,1,0,4444,1721
6266,17.1,0,0,4503,1616
6267,17.1,1,0,4485,1616
6268,16.9,0,0,4517,1620
6269,17.3,0,0,4413,1701
6270,17.6,1,0,4156,1701
6271,17.7,1,0,4485,1721
6272,17.5,0,0,4231,1701
6273,16.6,0,0,4227,1721
7001,17.25,0,0,5105,3162
7002,17.7,0,0,5248,3170
7003,17.6,0,0,6048,3229
7004,17.3,1,0,5174,3147
7005,17.3,1,0,5174,3147
7006,16.45,1,0.25,5054,3162
7007,16.7,1,0.25,6205,3203
7008,16.2,1,0.01563,6205,3203
7009,16.4,1,0.25,6205,3203
7010,18.2,1,0,6048,3229
7011,17.3,1,0,6048,3229
7012,15.8,1,0.01563,6205,3203
7013,16,1,0.25,6099,3152
7014,17.2,0,0,6219,3160
7016,16.9,0,0.0625,5224,3175
7017,17.2,1,0.01563,6161,3217
7018,16.75,1,0.01563,5233,3210
7019,17.2,1,0,5174,3147
7020,17.55,0,0,6219,3160
7021,17.3,1,0.25,5218,3193
7022,16.6,1,0.01563,6161,3217
7023,17.3,1,0.0625,5224,3175
7024,16.8,0,0.01563,5233,3210
7025,16.1,0,0.25,6161,3217
7026,16.5,1,0.0625,5224,3175
7027,16.3,0,0.25,5224,3175
7028,17.2,1,0.0625,5109,3178
7029,16.5,0,0.0625,5224,3175
7030,16.7,0,0.25,5099,3183
7031,17.4,1,0.25,5099,3183
7032,17.8,1,0.25,6268,3197
7033,16.1,0,0.25,5059,3150
7034,17.4,1,0,5015,3157
7035,17.1,0,0.25,6268,3197
7036,18.2,0,0,5015,3157
7037,17.3,0,0,6107,3168
7039,16.4,0,0.25,5059,3150
7040,17.15,1,0.01563,6272,3199
7041,17.4,0,0.25,6272,3199
7042,16.4,0,0.01563,6272,3199
7043,16.7,1,0.25,5220,3191
7044,16.4,0,0.25,5220,3191
7045,17.7,1,0.25,6272,3199
7046,17.4,1,0.25,6272,3199
7047,16.8,0,0.25,5054,3165
7048,16.8,1,0.25,5054,3165
7049,16.3,0,0.25,5054,3165
7050,17.9,0,0,5248,3248
7051,16.4,0,0.25,5059,3150
7052,17.3,1,0,5248,3248
7053,17.2,1,0.25,5192,3156
7054,17.8,1,0,5192,3156
7055,16.5,0,0.0625,5212,3179
7056,16.7,0,0.0625,5212,3179
7057,17.4,0,0,5105,3246
7058,17.4,1,0,5105,3246
7059,17.9,1,0,6100,3232
7060,17.3,1,0,6100,3232
7061,17.4,1,0,5187,3236
7062,18.2,1,0,5187,3236
7063,17.3,1,0,5187,3236
7064,17.5,1,0,5105,3246
7065,16.2,0,0,5174,3156
7066,17.4,0,0,5105,3246
7067,16.8,1,0.0625,5109,3252
7068,15.9,1,0.25,6099,3153
7069,17.6,1,0.0625,5109,3252
7070,16.8,0,0.01563,6205,3204
7071,17.1,0,0.25,6205,3204
7072,17,0,0,5187,3236
7073,16.7,0,0,6099,3153
7074,16.1,0,0,5174,3156
7075,17.5,0,0.0625,5109,3252
7076,17.1,0,0.25,5218,3194
7077,16.1,0,0.25,6099,3153
7079,16.5,1,0.25,6205,3204
7080,16.6,1,0.25,5218,3194
7081,16.2,1,0.25,6205,3204
7082,16.5,1,0.25,6205,3204
7083,17.6,0,0,6048,3223
7084,17.6,1,0,6048,3223
7085,17.5,1,0.01563,6161,3218
7086,17.1,1,0,6073,3146
7087,16.6,1,0,5174,3146
7088,17.2,0,0,6048,3223
7089,15.5,1,0.25,6099,3153
7090,17.5,1,0,6073,3146
7092,17,0,0.01563,6161,3218
7093,17.8,1,0,6048,3226
7094,17.6,0,0.01563,6161,3218
7095,18.7,1,0,5091,3151
7096,18.4,0,0,5091,3151
7097,17.1,0,0,6219,3161
7099,17.7,1,0,5091,3151
7100,17.5,1,0,5091,3151
7101,17.1,1,0,5174,3154
7102,17.2,0,0.01563,6161,3218
7103,16.8,0,0.01563,5233,3211
7104,17.1,0,0,5174,3154
7105,17.3,1,0,5174,3154
7106,17.4,0,0.25,5099,3184
7107,17.2,0,0.01563,5233,3211
7108,17.15,0,0,5174,3154
7109,16.85,1,0.0625,5224,3176
7110,16.2,0,0.0625,5109,3252
7111,17.55,1,0.01563,5233,3211
7113,16.1,0,0.25,6230,3220
7114,17.2,1,0.01563,5233,3211
7115,16.2,0,0,6230,3220
7116,17,1,0.25,6230,3220
7117,16.6,1,0.0625,5224,3176
7118,17.5,0,0,5174,3154
7120,16.7,1,0.01563,5233,3211
7122,17.2,0,0.01563,5164,3215
7123,16.9,1,0.25,6015,3226
7124,16.2,0,0.0625,5224,3176
7125,16.4,1,0.0625,5224,3176
7126,17.5,1,0.0625,6082,3176
7127,17.1,0,0.25,6268,3198
7128,17.3,1,0.25,6268,3198
7129,17.1,1,0,5059,3148
7131,17.1,1,0,5059,3148
7132,16.2,0,0.0625,5224,3176
7133,17.2,0,0,6107,3169
7134,17.2,0,0,5248,3249
7136,17,0,0.0625,5212,3180
7138,17.3,0,0.0625,5212,3180
7139,17.5,0,0.0625,5212,3180
7140,16.8,1,0.25,5220,3196
7141,16.3,1,0.25,5220,3196
7142,17.2,1,0,6200,3189
7143,17,0,0.01563,6272,3201
7144,17.1,1,0,6200,3189
7145,17.1,0,0.01563,6272,3201
7146,16.8,0,0,6200,3189
7147,17,0,0.01563,6272,3201
7148,16.9,1,0.01563,6272,3201
7149,16.7,1,0.25,5218,3195
7150,17.2,1,0.01563,6272,3201
7151,17.1,0,0.25,5218,3195
7152,17.95,0,0,6100,3233
7153,18,1,0,5105,3158
7154,17.8,1,0,5105,3158
7155,17.9,0,0,5105,3158
7157,16.9,1,0.25,5218,3195
7158,16.9,0,0.25,5218,3195
7159,17.8,1,0.25,6100,3233
9001,16.7,0,0,7073,4628
9002,17.5,0,0.00391,7110,4632
9003,17.4,0,0.00391,7110,4632
9004,17.3,1,0.01953,7057,4660
9005,17.6,1,0.01953,7057,4660
9006,17.1,0,0.00391,7065,4682
9007,16.7,0,0.00391,7083,4691
9008,16.3,1,0.00195,7037,4612
9009,17.6,1,0.02344,7138,4694
9010,17.1,1,0,7002,4640
9011,17.7,1,0.00391,7065,4682
9012,17.6,0,0.00391,7055,4686
9013,16.7,1,0.00391,7083,4691
9014,17.2,1,0.02344,7138,4694
9015,16.9,1,0.01953,7066,4700
9016,17,0,0.00391,7110,4632
9017,17.2,0,0,7002,4640
9018,17.2,1,0.00391,7055,4686
9019,16.5,1,0.02344,7138,4694
9020,16.3,0,0.01953,7066,4700
9021,16.3,0,0,7146,4700
9022,16.7,1,0.00391,7083,4691
9023,16.7,0,0.02344,7138,4694
9024,16.4,0,0.00195,7037,4612
9025,18.4,0,0.02344,7096,4608
9026,17.6,1,0,7036,4658
9027,16.9,0,0.00391,7065,4682
9028,16.3,0,0,7146,4703
9029,18.1,1,0.02344,7096,4608
9030,17,0,0,7047,4636
9031,16.4,0,0.01953,7050,4691
9032,17,1,0.00391,7065,4682
9033,17,1,0,7146,4703
9034,17.9,1,0.00391,7036,4658
9035,15.5,0,0,7104,4605
9036,17.2,1,0.00781,7030,4646
9037,16.7,0,0.00781,7030,4646
9038,16.2,1,0.03906,7016,4697
9039,16.6,1,0.01953,7050,4697
9040,16.6,0,0.03906,7016,4697
9044,15.9,1,0.01953,7050,4708
9045,15.5,1,0.01953,7050,4708
9047,17.3,1,0,7035,4666
9048,14.4,1,0.01953,7050,4708
9049,15.5,0,0.01953,7042,4631
9050,16.6,1,0.00391,7073,4629
9051,16.8,1,0.00391,7073,4629
9052,16.2,0,0.00391,7073,4629
9053,17.7,0,0.03125,7057,4661
9054,17.7,1,0.03125,7057,4661
9055,16,1,0.00391,7073,4629
9056,17,0,0,7039,4626
9057,16.7,1,0.00781,7002,4644
9058,17.8,0,0.03125,7057,4661
9059,17.1,1,0,7039,4626
9060,16.4,1,0.00781,7002,4644
9061,16.7,1,0,7039,4626
9062,16.9,0,0,7047,4637
9063,16.8,0,0,7047,4637
9064,17.5,1,0.00391,7110,4623
9065,16.6,0,0.03125,7158,4656
9066,17.3,0,0.00391,7110,4623
9067,16.8,1,0.03125,7158,4656
9068,15.7,1,0.03125,7158,4656
9069,16.6,0,0.00781,7030,4641
9070,17.2,0,0,7065,4684
9071,16.8,1,0,7029,4647
9072,17,0,0.00781,7030,4641
9073,17.7,1,0,7065,4684
9074,16.1,0,0.00781,7030,4641
9075,16.7,0,0.03906,7138,4695
9076,17.1,0,0.03906,7138,4695
9077,16.8,0,0,7065,4684
9079,16.7,0,0.03125,7106,4671
9080,16.9,1,0.03125,7106,4671
9081,17.3,1,0.03906,7138,4695
9082,16.6,0,0.00391,7083,4692
9083,16.8,0,0.03906,7138,4695
9084,17.8,1,0.03125,7055,4688
9085,17.4,0,0.03125,7055,4688
9086,16.9,1,0.03906,7138,4695
9087,17.1,1,0.00391,7083,4692
9088,16.7,1,0.00391,7083,4692
9089,17.3,0,0,7146,4704
9092,17.1,0,0.00391,7003,4667
9093,16.5,1,0.00195,7037,4622
9094,18,1,0,7035,4667
9095,16.9,0,0.02344,7096,4604
9096,16.8,1,0,7035,4667
9097,17.6,1,0.00391,7003,4667
9098,17.1,1,0.01953,7066,4707
9099,17.1,1,0.01953,7066,4707
9100,17.6,0,0.02344,7096,4604
9101,17.3,0,0.02344,7096,4604
9102,17.7,0,0.00391,7036,4653
9103,16,1,0.01953,7066,4707
9104,17.4,0,0.01953,7066,4707
9105,17.5,1,0.02344,7096,4604
9106,16.7,0,0.00195,7037,4622
9107,16.5,0,0.00391,7036,4653
9108,18.3,1,0,7036,4653
9109,16.7,1,0,7036,4653
9110,15.7,1,0,7104,4607
9111,15.6,1,0,7104,4607
9112,16.2,1,0,7104,4607
9113,15.4,1,0,7104,4607
9115,15.1,1,0,7104,4607
9116,16.6,1,0.01953,7042,4633
9117,16.5,0,0.00781,7002,4645
9118,17.3,0,0.00391,7110,4624
9119,18.2,1,0.00391,7110,4624
9120,18.1,1,0.00391,7110,4624
9121,17.7,0,0.00391,7110,4624
9122,17.7,0,0,7057,4662
9123,17.3,1,0.0625,7016,4702
9124,17,0,0,7039,4627
9125,17.1,0,0,7039,4627
9126,16.7,0,0,7039,4627
9127,17.2,0,0.00391,7073,4630
9128,17.1,1,0.00391,7073,4630
9129,15.8,0,0,7039,4627
9131,16.8,1,0,7051,4689
9132,16.9,0,0,7051,4689
9133,15.4,0,0.00391,7073,4630
9201,16.9,0,0,6245,4309
9202,17.6,1,0,6245,4309
9203,16.8,0,0,4415,4252
9204,18.4,1,0,6113,4290
9205,17.8,1,0,7107,4260
9206,17.8,0,0.01563,7056,4319
9207,17,0,0.25,4481,4296
9208,16.7,0,0,5219,4277
9209,17.5,1,0,4415,4252
9210,17.5,0,0,6136,4293
9211,16.6,0,0,4532,4307
9212,17.9,1,0.25,4481,4296
9213,17.5,1,0,6073,4289
9214,16.7,1,0,4187,4284
9215,17.2,0,0,5219,4277
9216,17.1,1,0.13281,6161,4272
9217,16.5,0,0,4415,4252
9218,16.6,0,0.125,6098,4334
9219,16.4,1,0.125,6098,4334
9220,16.2,1,0.0625,7124,4324
9221,16.5,0,0.0625,7124,4324
9222,17.6,1,0,6065,4299
9223,17.5,0,0,6065,4299
9224,16.4,0,0,6065,4299
9225,18,1,0.03125,6131,4297
9226,17,0,0,6073,4289
9227,17.7,1,0,6071,4259
9228,17,0,0,7107,4260
9229,17.2,0,0.125,5034,4292
9230,17.2,0,0.13281,6161,4272
9231,16.5,0,0,6073,4289
9232,16.8,0,0,6073,4289
9233,16.2,1,0,4187,4284
9234,17.3,1,0,5219,4277
9235,17.2,1,0,4189,4282
9236,16.5,1,0,6136,4293
9237,17.8,0,0.00391,7134,4300
9238,16.9,0,0.125,6098,4334
9239,17.3,1,0,4189,4282
9240,17.4,0,0,6071,4259
9241,17.9,1,0.02344,6255,4313
9242,17.6,1,0.125,4276,4332
9243,18.2,1,0,5172,4254
9244,17.9,1,0,5172,4254
9245,17.6,1,0.125,4276,4332
9246,17.2,1,0,6218,4370
9247,17.6,1,0.02344,6255,4313
9248,17.2,1,0,5172,4254
9249,17.8,1,0,5172,4254
9250,17.7,1,0,6218,4370
9251,17.4,1,0,5176,4373
9252,17.4,0,0,4467,4383
9253,16.6,1,0,4467,4383
9254,17.7,1,0,4467,4383
9255,17.1,1,0,5225,4266
9256,17.2,1,0.0625,6178,4388
9257,17,1,0,5225,4266
9258,17.2,1,0,4467,4383
9259,16.9,1,0.0625,6178,4388
9261,17.1,1,0.125,5100,4378
9263,17.1,0,0.0625,5083,4288
9264,17.3,1,0,6159,4381
9265,15.9,0,0.125,5100,4378
9266,17.2,1,0,6168,4380
9267,16.9,0,0,6168,4380
9268,17,1,0,6168,4380
9269,17.2,1,0.25,5120,4403
9270,16.8,1,0.25,4485,4398
9271,17.8,1,0.25,4485,4398
9272,16.2,1,0.01563,5195,4408
9273,16.8,0,0.01563,5195,4408
9274,17.8,0,0.01563,5195,4408
9275,17.8,1,0.01563,5195,4408
9276,16.4,1,0,4490,4404
9277,17.1,1,0,4490,4404
9278,15.7,0,0.25,5120,4403
9279,16.9,0,0,5003,4392
9280,17.1,1,0,5003,4392
9281,16.4,1,0,4242,4386
9282,17.4,0,0.01563,7056,4418
9283,17.3,1,0.01563,7056,4418
9284,16.5,0,0.03125,6131,4425
9285,17.2,1,0,6113,4428
9286,17.3,1,0,6113,4428
9287,16.4,1,0,6136,4424
9288,16.8,0,0,6136,4424
9289,15.7,1,0,6056,4420
9291,15.2,1,0,6136,4424
9293,17.3,0,0,5197,4423
9294,18.1,0,0,5197,4423
9295,17,0,0,4187,4442
9296,16.6,0,0,4187,4442
9297,17.3,0,0,4187,4442
9298,17.2,0,0,4189,4444
9300,16.5,1,0,7107,4437
9301,16,0,0,7107,4437
9302,17.6,1,0.09375,6143,4440
9303,16.2,0,0,6056,4420
9304,18,1,0.09375,6143,4440
9305,17.1,0,0.25,4481,4422
9308,16.6,1,0.125,6162,4445
9309,16.5,0,0,4187,4442
9310,16.7,0,0,4189,4444
9311,16.6,0,0.125,6162,4445
9312,15.4,0,0.125,6162,4445
9313,17.5,0,0.09375,6143,4440
9314,17.3,0,0,5165,4374
9315,16.9,0,0,5165,4374
9316,16.3,0,0.0625,6045,4439
9317,16.9,1,0.0625,6045,4439
9318,17.1,1,0.00391,7134,4453
9319,16.9,0,0.00391,7134,4453
9320,16.9,0,0.0625,7124,4459
9321,17.2,1,0,6073,4474
9322,17.7,1,0,6073,4474
9323,17.5,1,0,6073,4474
9324,17.2,1,0.0625,7124,4459
9325,18.1,1,0.0625,7124,4459
9326,18.2,1,0,5203,4465
9327,16.8,1,0.03125,6131,4480
9328,16.5,0,0.03125,6131,4480
9329,17.8,1,0.00391,7134,4453
9330,17.8,0,0,6245,4476
9331,17.1,0,0,6245,4476
9332,15.7,0,0,6109,4468
9333,17.7,0,0,6109,4468
9334,16.5,0,0.03125,6131,4480
9335,17.9,1,0,5203,4465
9336,16.6,1,0.03125,6131,4480
9337,17.1,0,0,6010,4473
9338,16.4,1,0,6010,4473
9339,16.8,0,0,6109,4468
9340,16.2,0,0.01563,5021,4469
9341,17.6,0,0,4325,4477
9342,18,1,0,6071,4483
9343,17.5,1,0,4467,4478
9344,16.3,0,0,4415,4490
9345,17.7,0,0,4415,4490
9346,17.1,1,0,5050,4479
9347,17,0,0,4325,4477
9348,17.5,0,0,5050,4479
9349,17.9,0,0,4467,4478
9350,17.2,1,0,4467,4478
9351,17.3,1,0,4415,4490
9352,17.7,1,0,5050,4479
9353,16.6,1,0,5050,4479
9354,17.8,0,0,5172,4456
9355,16.5,1,0.0625,6178,4507
9356,17.9,1,0,6071,4483
9357,17.5,0,0,5172,4456
9358,17.2,0,0,5172,4456
9359,17.3,1,0.0625,6178,4507
9360,17.5,0,0.0625,6178,4507
9361,17.6,1,0,5172,4456
9362,17.7,1,0,6071,4483
9363,15.8,0,0,6168,4493
9365,17.2,1,0.25,5120,4501
9366,18,1,0.125,6098,4513
9367,17.2,0,0.125,6098,4513
9368,17.3,0,0.25,5120,4501
9369,18,1,0,6065,4514
9370,16.9,1,0.01563,7056,4517
9371,17.2,0,0.01563,7056,4517
9372,17.7,0,0,6159,4518
9373,17.7,1,0,6159,4518
9374,16.3,1,0,4532,4522
9375,16.5,1,0,6159,4518
9376,17.7,1,0,5122,4515
9377,17.2,0,0.125,4465,4524
9378,16.3,1,0.01563,7056,4517
9379,16.9,0,0,6159,4518
9380,17.4,1,0,6159,4518
9381,17.3,0,0,4532,4522
9382,17.6,1,0,6136,4519
9383,17,0,0,6136,4519
9384,17.9,0,0.02344,6255,4561
9385,16.3,1,0,6136,4519
9386,17.5,1,0.02344,6255,4561
9387,17.4,1,0.02344,6255,4561
9388,17.2,1,0,7075,4547
9389,16.3,0,0.125,6162,4541
9390,17.3,0,0,7107,4551
9391,16.8,0,0.125,6162,4541
9392,16.3,0,0.125,6162,4541
9393,16.9,1,0.00781,4490,4506
9394,17.2,0,0.01563,5021,4582
9396,17.2,1,0.00781,4490,4506
9397,16.8,0,0.01563,5021,4582
9398,17.2,0,0,7107,4551
9399,16.6,1,0,7107,4551
9400,17.8,0,0,6085,4570
9401,17.3,0,0.03125,7097,4565
9402,17.5,0,0.03125,7097,4565
9403,17.2,0,0.03125,7097,4565
9404,17.7,1,0.03125,7097,4565
9405,17.5,1,0,5197,4591
9406,16.3,0,0.13281,6161,4579
9407,16.7,1,0,6022,4552
9408,16.4,0,0.13281,6161,4579
9409,17.4,0,0,6056,4592
9410,17.7,1,0,5197,4591
9411,17.5,1,0,5197,4591
9412,16.8,1,0,5003,4567
9413,17.8,1,0,6056,4592
9414,16.4,1,0,5197,4591
9415,17.3,1,0.125,4465,4721
9416,17.4,1,0,6122,4725
9417,16.4,0,0,4532,4572
9418,17.9,1,0,6128,4589
9419,17.1,0,0,6128,4589
9420,18.1,0,0,6128,4589
9421,17.7,0,0,5203,4560
9422,18.2,1,0,5203,4560
9423,18.5,1,0,5203,4560
9424,17.2,1,0,5203,4560
9425,17.4,0,0.01563,5219,4596
9426,17.2,1,0.01563,5219,4596
9427,17.9,0,0.125,4465,4721
9428,16.4,1,0,6010,4731
9429,17.2,0,0.0625,6178,4733
9430,16.6,1,0,6010,4731
9431,16.1,1,0,6010,4731
9432,17,1,0,5050,4585
9433,17,0,0,5050,4585
9434,16.6,1,0,5050,4585
9435,17.5,0,0.0625,6178,4733
9436,17.2,1,0.0625,6178,4733
9437,16.3,0,0.25,4481,4728
9438,17.8,1,0.25,4481,4728
9439,17.3,0,0,5165,4723
9440,18,0,0,5165,4723
9441,17.4,0,0,5165,4723
9442,18.3,1,0,6109,4727
9443,18,0,0,6109,4727
9444,17.8,1,0,6071,4734
9445,16.6,0,0,5050,4585
9446,17.1,1,0,5050,4585
9447,16.9,0,0,5050,4585
9448,17.3,1,0,6109,4727
9449,17.2,1,0,6245,4741
9450,17,1,0,6245,4741
9451,16.5,1,0.0625,7124,4736
9452,16.7,0,0.0625,7124,4736
9453,17.1,1,0.0625,7124,4736
9454,16.9,1,0.25,5120,4759
9455,17,1,0.13281,6161,4579
9456,16.5,0,0,6109,4727
9457,17.7,1,0.125,6098,4747
9458,16.7,0,0.125,6098,4747
9459,17.9,1,0.125,6098,4747
9460,17.2,1,0.125,5100,4762
9461,17.5,0,0.125,5100,4762
9462,16.6,0,0.0625,6045,4751
9463,16.7,0,0.0625,6045,4751
9464,17.2,0,0.0625,6045,4751
9465,16.3,1,0.13281,6161,4767
9466,16.2,0,0.13281,6161,4767
9467,16.3,1,0.13281,6161,4767
9468,17.3,0,0,7075,4770
9469,17,1,0,7075,4770
9470,16.9,1,0.13281,6161,4767
9471,15.9,0,0.13281,6161,4767
9472,16.7,0,0.01563,5195,4764
9473,16.3,0,0.125,5100,4762
9474,16.6,0,0.125,5100,4762
9475,15.8,0,0,6273,4761
9476,17.3,1,0.01563,5021,4771
9477,16.9,0,0.01563,5021,4771
9479,17,1,0,6168,4781
9480,17.5,1,0.02344,6255,4793
9481,16.5,0,0,6168,4781
9482,17.2,1,0.00781,4490,4794
9483,16.6,1,0.00781,4490,4794
9484,17.6,1,0.02344,6255,4793
9485,17.2,0,0.00391,7134,4792
9486,17.4,1,0.00391,7134,4792
9487,16.2,1,0,5176,4798
9488,16.3,0,0,5176,4798
9489,16.4,0,0,5176,4798
9490,17.1,1,0,5225,4787
9491,16.6,1,0,6122,4799
9492,17.6,0,0,5122,4796
9500,16.9,0,0,4467,4863
9501,16.4,0,0.00781,7107,4882
9502,18,1,0.00781,7107,4882
9503,17.8,1,0,6229,4819
9504,17.8,1,0,6098,4824
9505,16.5,1,0,6168,4842
9506,17.1,1,0,6168,4842
9507,17.3,1,0,5120,4858
9508,17,1,0,4467,4863
9509,17.9,1,0.03125,6065,4864
9510,17.1,0,0,6250,4870
9511,18.8,0,0,6098,4824
9512,17.4,1,0,6168,4842
9513,16.7,1,0,6168,4842
9514,16.8,0,0.01563,7124,4852
9515,16.8,1,0,5120,4858
9516,17.6,1,0.03125,6065,4864
9517,17.3,1,0.03125,6065,4864
9518,17.4,1,0,6250,4870
9519,17.7,0,0,6250,4870
9520,17.2,0,0.00781,7107,4882
9521,16.9,1,0.00781,7107,4882
9522,17.4,0,0.03125,5172,4886
9523,16.8,0,0.03125,5172,4886
9524,17.9,0,0,4481,4888
9525,17.2,0,0,6071,4813
9526,17.9,1,0,6073,4845
9527,18,1,0,6073,4845
9528,17.4,1,0,6073,4845
9529,17.5,0,0,6073,4845
9530,16.2,1,0.01563,7124,4852
9531,16.7,1,0.01563,7124,4852
9532,17.1,0,0.03125,6065,4864
9533,17.2,0,0,6019,4837
9534,16.8,0,0,6019,4837
9535,16.8,0,0,6136,4850
9536,16.7,1,0,6071,4813
9537,17.5,1,0.01563,5021,4835
9538,17.6,1,0.01563,5021,4835
9539,16.8,0,0,7056,4830
9540,17.5,0,0,7056,4830
9542,17.9,1,0,6071,4813
9543,16.4,0,0,6136,4850
9544,17.6,1,0,6019,4837
9545,17.3,0,0,6019,4837
9546,18.2,1,0,6224,4834
9547,17.4,0,0,6176,4890
9549,17.2,0,0,5176,4859
9550,16.8,1,0,4228,4897
9551,16.6,1,0,4228,4897
9552,16.8,0,0,4276,4825
9553,17.5,0,0,7138,4896
9554,16.9,0,0,5219,4817
9555,17.2,1,0,5219,4817
9556,16.4,0,0,4228,4897
9558,17.5,1,0.00781,7097,4898
9559,17.1,0,0.00781,7097,4898
9560,17,0,0,5225,4907
9561,17,1,0,6056,4901
9562,17.2,1,0,5122,4908
9563,17.7,1,0,6159,4921
9564,17.6,1,0,6159,4921
9565,17.9,0,0,6159,4921
9566,17.8,1,0,6022,4920
9567,17.8,1,0,4415,4916
9568,17.5,0,0,6241,4906
9569,15.9,0,0,6056,4901
9570,16.8,0,0.01563,6162,4904
9571,17.7,0,0,6022,4920
9572,17.3,0,0,6022,4920
9573,18.2,1,0.03125,6143,4925
9574,17.9,0,0.01563,7110,4924
9575,17,0,0,6241,4906
9576,17,0,0,6241,4906
9577,17.6,1,0,6241,4906
9578,17.3,0,0.01563,7110,4924
9579,18,1,0,6159,4921
9580,17,1,0.01563,7110,4924
9581,17.8,0,0,6131,4932
9582,17.4,0,0,6131,4932
9583,17.1,1,0,5050,4928
9584,17.8,0,0,5050,4928
9585,17.5,1,0,5050,4928
9586,16.8,0,0.0625,7039,4927
9587,17.6,0,0,5165,4933
9588,16.8,1,0.0625,7039,4927
9589,16.6,0,0.01563,7124,4949
9590,16.8,0,0.01563,7124,4949
9591,16.9,1,0,5120,4962
9592,16.7,0,0,6168,4979
9593,18,0,0,6098,4958
9594,17.1,0,0,6098,4958
9595,17,1,0,6168,4979
9597,17.2,0,0,6250,4982
9598,17.3,0,0,6250,4982
9599,17.8,1,0,5120,4962
9600,17.9,1,0,5100,4961
9601,17.1,1,0,5100,4961
9602,17.6,0,0,6176,4967
9603,17.2,0,0,6168,4979
9604,16.8,1,0.01563,6166,4977
9605,17.3,1,0.01563,6166,4977
9606,17,0,0.01563,6166,4977
9607,17.4,1,0.03125,5172,4984
9608,17.9,1,0,6250,4982
9609,17.5,1,0,6019,4987
9610,17.7,0,0,7138,4986
9611,17,1,0,6071,4970
9612,17,0,0,5100,4961
9613,17.5,1,0,6019,4987
9614,17.7,0,0,6071,4970
9615,17.1,1,0,6176,4967
9616,17.4,1,0,6176,4967
9617,16.9,1,0,6176,4967
9618,17.3,1,0.03125,5172,4984
9619,17.7,1,0.03125,5172,4984
9620,17.9,0,0,6019,4987
9621,17.2,1,0,7138,4986
9622,17.1,1,0,6071,4970
9623,17.8,1,0,6073,4995
9624,17.8,0,0,6073,4995
9625,16.8,1,0.00781,7107,4983
9626,17.9,1,0,6229,4999
9627,17.3,1,0.01563,5021,4994
9628,17.3,1,0.01563,5021,4994
9629,16.5,1,0.01563,6162,5002
9630,18.6,1,0,6229,4999
9631,16.5,0,0.01563,6162,5002
9632,17,1,0.03125,6065,5007
9633,17.7,0,0.03125,6065,5007
9634,16,0,0.01563,6162,5002
9635,16.9,1,0,6131,5010
9636,18.3,0,0,6229,4999
9637,15,1,0.03125,6065,5007
9638,16.2,1,0.03125,6065,5007
9639,17.2,1,0,5225,5017
9640,16.7,1,0,5225,5017
9641,16.8,0,0.03125,6065,5007
9642,17.8,1,0.00781,7097,5022
9643,16.8,1,0.00781,7097,5022
9644,16.8,0,0,5203,5013
9645,17.6,1,0,6136,5041
9646,17.6,1,0,4276,5037
9647,17.4,0,0,6159,5027
9648,17.8,1,0,6159,5027
9649,17.7,1,0,6159,5027
9650,17.6,0,0,4276,5037
9651,16.8,1,0,6136,5041
9652,17.3,0,0,6241,5028
9653,17.7,1,0,4276,5037
9654,17.1,1,0.00781,7097,5022
9655,16.9,1,0.01563,7110,5044
9656,17.4,1,0,6241,5028
9657,17.1,1,0,6136,5041
9658,17.7,0,0,6022,5040
9659,17.3,0,0,6022,5040
9660,15.2,0,0.00781,7097,5022
9661,17,1,0.00781,7097,5022
9662,17,1,0.01563,7110,5044
9663,17,1,0.01563,7110,5044
9664,16.2,0,0.01563,7110,5044
9665,17.3,1,0.01563,7110,5044
9666,16.8,1,0,5122,5047
9667,16.3,0,0.01563,7124,5058
9668,17.4,1,0,6241,5028
9669,17.7,1,0,6241,5028
9670,16.4,0,0,6241,5028
9671,17.1,1,0,6136,5041
9672,17.3,0,0,6022,5040
9673,17,0,0,6022,5040
9674,17.3,0,0,5050,5056
9675,17.2,0,0,5050,5056
9676,16.3,0,0.01563,7124,5058
9677,17.5,1,0,5050,5056
9678,17.4,1,0.01563,6054,5048
9679,17,0,0.01563,6054,5048
9680,16.9,1,0,5050,5056
9681,16.2,1,0.01563,7124,5058
9682,16.2,0,0.01563,7124,5058
9683,16.8,0,0,5219,5071
9684,16.8,1,0,5219,5071
9685,16.7,0,0,6056,5068
9686,17.1,1,0,6056,5068
9687,17.1,1,0.00781,7107,5086
9688,16.6,1,0.00781,7107,5086
9689,17.2,1,0,6056,5068
9690,17.8,0,0,6098,5078
9691,17.5,0,0,6098,5078
9692,17.2,1,0,6098,5078
9693,17.2,1,0,5219,5071
9694,17.7,0,0,4481,5079
9695,17.8,0,0,4481,5079
9696,16.9,0,0.00781,7107,5086
9697,18.1,1,0,5120,5088
9698,16.7,1,0,6168,5085
9699,17.6,0,0,6168,5085
9700,17.3,0,0,6168,5085
9701,17.3,1,0,6019,5053
9702,17.1,0,0,6019,5053
9703,17.7,1,0,6019,5053
9704,17.1,0,0,6098,5078
9705,17.4,0,0,6131,5103
9706,17.8,0,0,6131,5103
9707,16.6,0,0,6168,5085
9708,17.3,0,0,6019,5053
9709,17.3,0,0,7138,5097
9710,17.6,1,0,5120,5088
9711,17.9,0,0,5120,5088
9712,17.7,0,0,6131,5103
9713,17,0,0,6131,5103
9714,16.7,0,0.01563,5021,5099
9715,17,0,0.01563,5021,5099
9716,16.8,0,0,7056,5083
9717,17.4,1,0,6250,5089
9718,17.2,0,0,6250,5089
9719,16.4,0,0.01563,6162,5101
9720,17.7,1,0.01563,6162,5101
9721,16.7,0,0.03906,7143,5100
9722,17.2,1,0.03906,7143,5100
9723,17.6,1,0.03906,7143,5100
9724,17.2,1,0.03906,7143,5100
9725,17.3,1,0,6250,5089
9726,16.9,0,0.01563,6162,5101
9727,16.8,0,0,6176,5108
9728,16.7,1,0.01563,6162,5101
9729,17.5,1,0,6073,5110
9730,17.4,1,0,6073,5110
9731,18.2,0,0,6073,5110
9732,18,0,0,6176,5108
9733,17.8,1,0,4467,5120
9734,17.8,1,0,4467,5120
9735,17.3,0,0,4467,5120
9736,17.8,1,0,5225,5114
9737,17.2,0,0,5225,5114
9738,16.6,1,0,6073,5110
9739,17.6,1,0,6229,5104
9740,17.2,0,0,4415,5125
9741,16.7,1,0,6176,5108
9742,17.7,1,0,5100,5127
9743,17.7,0,0,5100,5127
9744,17.4,1,0,5100,5127
9745,17.4,0,0,4276,5137
9746,17.3,1,0,4276,5137
9747,18.1,0,0,6241,5140
9748,17.1,0,0.03125,5172,5146
9749,17,1,0.03125,5172,5146
9750,16.3,0,0.03125,5172,5146
9751,17.9,1,0,6241,5140
9752,18,1,0,6241,5140
9753,17.1,1,0.01563,6054,5148
9754,16.7,0,0.01563,6054,5148
9755,17,1,0,6071,5138
9756,17.2,0,0.01563,6054,5148
9757,16.1,1,0,6241,5140
9758,17.4,0,0,5122,5153
9759,17.2,0,0,5122,5153
9760,17.7,1,0,5122,5153
9761,17,0,0.0625,6178,5151
9762,17.2,0,0,4465,5166
9763,18.7,1,0,4465,5166
9764,18.7,1,0,4465,5166
9765,17.3,1,0,6098,5169
9766,16.8,1,0,6098,5169
9767,16.8,1,0,4465,5166
9768,16.6,0,0,6071,5183
9770,17.5,0,0.01563,5021,5180
9771,17.6,1,0.01563,5021,5180
9772,16.9,1,0,6241,5188
9773,17.9,1,0.01563,6054,5187
9774,17.1,0,0.01563,6054,5187
9775,17.3,0,0.01563,6054,5187
9776,17,0,0,6241,5188
9777,17.4,0,0,6241,5188
9778,18,1,0,4481,5182
9779,17.5,0,0,4481,5182
9780,17.9,0,0,4481,5182
9781,17.7,1,0,5122,5192
9783,17.3,1,0,5100,5193
9784,17.3,0,0,5100,5193
11001,16.7,0,0.17188,9371,5215
11002,17.2,1,0.03516,9696,5232
11004,16.8,1,0.13672,9719,5216
11005,17.2,1,0.04688,9589,5236
11006,17.5,0,0.06836,9339,5243
11007,16.3,0,0.0625,9581,5251
11008,17,1,0.0625,9581,5251
11009,16,0,0.03516,9211,5254
11010,16.9,1,0.0625,9606,5258
11011,16.4,0,0.0625,9606,5258
11012,16.3,0,0.0625,9606,5258
11013,15.9,1,0.0625,9606,5258
11014,17,0,0.03613,9237,5201
11015,16.8,0,0.04688,9589,5236
11016,16.4,1,0.04688,9589,5236
11017,16.3,1,0.04688,9589,5236
11018,17.2,1,0.04688,9589,5236
11019,16.8,1,0.03516,9696,5232
11020,15.9,1,0.17188,9371,5215
11021,17.9,1,0.14062,9586,5244
11022,17.3,0,0.14062,9586,5244
11023,16.8,1,0.14062,9586,5244
11024,16.7,0,0.0625,9581,5251
11025,17.5,0,0.06836,9333,5271
11026,15.9,0,0.03516,9696,5232
11027,17,0,0.03613,9237,5201
11028,15.7,1,0.17188,9371,5215
11029,16.6,0,0.17188,9371,5215
11032,16.9,1,0.01758,9743,5245
11033,17.8,0,0.06836,9339,5243
11034,17.9,0,0.01758,9743,5245
11035,16.7,0,0.17188,9371,5215
11036,16.6,0,0.09375,9368,5237
11037,16.1,0,0.04688,9589,5236
11038,16.4,1,0.09375,9368,5237
11039,16.9,1,0.00391,9295,5214
11040,18.2,1,0.04102,9525,5229
11041,17.8,1,0.04102,9525,5229
11042,17,1,0.125,9535,5255
11043,16.4,0,0.125,9535,5255
11044,16.7,0,0.13281,9210,5250
11045,17.1,0,0.01172,9660,5267
11046,16.3,0,0.0625,9780,5252
11047,17.1,0,0.0625,9780,5252
11048,17.3,1,0.0625,9780,5252
11049,16.6,1,0.13672,9716,5247
11050,16.3,0,0.04883,9768,5223
11051,17.4,0,0.04688,9784,5212
11052,16.4,0,0.01172,9660,5267
11053,17,1,0.13672,9716,5247
11054,16.9,0,0.13672,9716,5247
11055,17.1,1,0.03516,9597,5278
11056,16.7,1,0.03516,9597,5278
11057,16.9,0,0.03516,9597,5278
11058,17.1,1,0.01758,9612,5198
11060,17.6,0,0.04688,9784,5212
11061,17.2,1,0.01367,9303,5226
11062,17,1,0.01367,9303,5226
11063,16.3,0,0.01758,9612,5198
11065,15.7,0,0.0625,9780,5252
11066,17.1,0,0.01367,9303,5226
11067,16.9,1,0.04688,9784,5212
11068,16.1,0,0.13281,9328,5242
11069,16.7,0,0.03125,9545,5248
11070,17.2,0,0.07812,9206,5280
11071,16.7,0,0.07812,9206,5280
11072,16.6,1,0.0625,9427,5238
11073,16.1,0,0.0625,9427,5238
11074,17.4,0,0.07031,9711,5219
11075,16.2,1,0.07031,9711,5219
11076,18.1,1,0.07812,9409,5291
11077,18.1,0,0.15625,9704,5306
11078,16.6,1,0.0332,9501,5292
11079,16,0,0.0332,9501,5292
11080,17,0,0.07812,9409,5291
11081,16.4,1,0.17188,9590,5298
11082,16.2,0,0.17188,9590,5298
11083,17.8,0,0.15625,9704,5306
11084,17,1,0.00293,9745,5307
11085,17.5,0,0.00293,9745,5307
11086,17.2,0,0.00293,9745,5307
11087,16.7,0,0.0332,9501,5292
11088,17.6,1,0.03516,9511,5302
11089,16.9,1,0.07031,9458,5310
11090,18.3,0,0.125,9691,5301
11091,17.4,1,0.125,9691,5301
11092,17.7,1,0.125,9691,5301
11093,16.6,1,0.125,9691,5301
11094,17.4,1,0.09375,9712,5203
11095,17.9,1,0.09375,9712,5203
11096,15.8,1,0.17188,9590,5298
11097,17.7,0,0.15625,9704,5306
11098,16.4,0,0.0332,9501,5292
11099,17.3,1,0.03516,9511,5302
11100,16.8,1,0.125,9347,5304
11101,18.1,1,0.03125,9549,5319
11102,17.4,1,0.03125,9549,5319
11103,17.7,0,0.03125,9549,5319
11104,16.8,1,0.07031,9458,5310
11105,16.9,1,0.07031,9458,5310
11106,17.3,1,0.03516,9554,5311
11107,17.2,0,0.09375,9712,5203
11108,16.9,1,0.03516,9554,5311
11109,18.1,0,0.0625,9593,5320
11110,17.4,0,0.0625,9593,5320
11111,16.9,1,0.03125,9549,5319
11112,18.6,1,0.0625,9593,5320
11113,17.2,0,0.15625,9704,5306
11114,17.3,0,0.125,9433,5333
11115,17.2,1,0.0625,9543,5330
11116,16.9,0,0.04688,9762,5338
11117,16.7,0,0.04688,9762,5338
11118,16.9,1,0.04688,9762,5338
11119,17.6,1,0.04688,9762,5338
11120,17.8,1,0.0625,9593,5320
11121,17,1,0.04492,9217,5325
11122,17.3,0,0.0625,9582,5324
11123,17.1,0,0.0625,9582,5324
11124,17.1,1,0.0625,9582,5324
11125,16.4,1,0.04492,9217,5325
11126,17.1,0,0.04102,9614,5334
11127,17,0,0.04102,9614,5334
11128,16.3,0,0.09766,9471,5336
11129,17.3,1,0.0625,9341,5331
11130,17,0,0.0625,9341,5331
11131,17.8,0,0.0625,9341,5331
11132,15.9,1,0.09766,9471,5336
11133,17.2,0,0.0625,9543,5330
11134,16.9,0,0.02539,9547,5323
11135,17.4,1,0.02539,9547,5323
11136,17.6,0,0.0625,9636,5341
11137,17.3,1,0.02539,9547,5323
11138,16.4,0,0.03125,9298,5329
11139,16.6,1,0.03125,9298,5329
11140,18,1,0.0625,9636,5341
11141,17.4,1,0.00391,9295,5360
11142,16.3,0,0.09766,9471,5336
11143,16.1,1,0.00195,9472,5358
11144,16.8,1,0.14062,9718,5281
11145,16.6,0,0.125,9533,5335
11146,16.9,1,0.125,9533,5335
11147,17.7,1,0.06836,9339,5361
11148,17.4,0,0.06836,9339,5361
11149,16.9,1,0.06836,9339,5361
11150,17.2,1,0.09766,9381,5351
11151,17.6,1,0.09766,9381,5351
11152,15.5,1,0.0625,9636,5341
11153,17.8,1,0.0625,9636,5341
11154,16.8,0,0.0625,9606,5366
11155,16.6,0,0.0625,9606,5366
11156,17.7,0,0.09766,9381,5351
11158,17,0,0.03516,9211,5365
11159,17,0,0.13281,9210,5364
11160,17.8,0,0.03613,9237,5371
11161,17.8,1,0.00391,9295,5360
11162,17.6,1,0.13281,9210,5364
11163,16.8,0,0.0625,9606,5366
11164,16.9,1,0.09766,9381,5351
11165,17.3,0,0.14062,9586,5363
11166,16.9,1,0.03516,9211,5365
11167,17.2,1,0.03516,9211,5365
11168,16.8,0,0.04688,9305,5353
11169,17.6,1,0.06641,9594,5349
11170,17.8,1,0.03613,9237,5371
11171,17.6,0,0.04102,9525,5362
11172,17.4,1,0.125,9488,5350
11173,17.7,1,0.06641,9594,5349
11174,17,1,0.17188,9371,5352
11175,17.1,1,0.04102,9525,5362
11176,17,1,0.04688,9589,5384
11177,17.3,1,0.04688,9589,5384
11180,17.2,0,0.14062,9586,5363
11181,17.2,0,0.14062,9586,5363
11182,16,1,0.0625,9606,5366
11183,15.8,0,0.0625,9606,5366
11184,17.1,1,0.13672,9716,5373
11185,16.4,0,0.13672,9716,5373
11186,15.8,1,0.0625,9581,5374
11187,16.7,1,0.0625,9581,5374
11188,16.8,0,0.03516,9211,5365
11189,19,1,0.06836,9333,5369
11190,17.7,0,0.06836,9333,5369
11191,18.3,0,0.06836,9333,5369
11192,17.6,0,0.06836,9333,5369
11193,17.3,1,0.04688,9207,5377
11194,16.7,1,0.125,9535,5380
11195,16.8,0,0.125,9535,5380
11196,17.9,0,0.01367,9303,5389
11197,16.9,0,0.04688,9589,5384
11198,16.8,1,0.13672,9716,5373
11199,17.1,0,0.0625,9581,5374
11200,16.6,1,0.03125,9545,5392
11201,17.3,0,0.06836,9333,5369
11202,16.8,1,0.04688,9589,5384
11203,17.3,0,0.09375,9368,5390
11204,17.3,1,0.09375,9368,5390
11205,17.9,0,0.04688,9784,5399
11207,16.8,1,0.17188,9371,5352
11208,16.4,0,0.13672,9716,5373
11209,16.5,1,0.03125,9545,5392
11211,17.2,1,0.03125,9545,5392
11213,16.9,1,0.03516,9597,5400
11214,17.4,1,0.03516,9597,5400
11215,16.4,0,0.01367,9303,5389
11216,17.2,0,0.15625,9474,5379
11217,17.7,1,0.15625,9474,5379
11218,17.1,1,0.15625,9474,5379
11219,17.9,1,0.04688,9784,5399
11220,16.9,1,0.17188,9371,5352
11221,17.1,0,0.13672,9719,5393
11222,16.7,1,0.13672,9719,5393
11223,16.4,0,0.04688,9589,5384
11224,16.8,0,0.09375,9368,5390
11225,17.2,1,0.09375,9368,5390
11226,16.7,0,0.17188,9371,5352
11227,17,0,0.06836,9333,5369
11228,16.4,1,0.13281,9328,5396
11231,17.2,0,0.04688,9784,5399
11232,17.9,1,0.04688,9784,5399
11233,17.3,1,0.01758,9612,5388
11234,17,1,0.01758,9612,5388
11235,17.9,0,0.01758,9612,5388
11236,17,0,0.01758,9612,5388
11237,16.7,0,0.01758,9612,5388
11238,16.2,1,0.13672,9719,5393
11239,16.1,0,0.14062,9586,5363
11242,16.8,1,0.03516,9597,5400
11243,16.1,0,0.0625,9780,5401
11245,17.9,1,0.04883,9768,5398
11246,15.9,1,0.04688,9589,5384
11247,16.8,0,0.04883,9768,5398
11248,16.8,1,0,9702,5403
11249,17.7,1,0,9702,5403
11250,18.1,0,0.07031,9367,5409
11251,17.3,1,0.07031,9367,5409
11252,16.4,0,0.04883,9768,5398
11253,17.4,0,0.03125,9534,5411
11254,16.8,0,0.0625,9320,5406
11256,16.9,0,0.0625,9320,5406
11257,17.8,1,0.00293,9745,5422
11258,16.9,0,0.00293,9745,5422
11259,16.9,1,0.02539,9721,5408
11260,16.9,0,0.03125,9534,5411
11261,16.9,0,0.01758,9743,5391
11262,17.2,1,0.00195,9226,5417
11263,16.2,0,0.17188,9590,5419
11264,16.9,1,0,9284,5415
11265,17.4,1,0,9284,5415
11266,16.9,1,0.01758,9743,5391
11267,17.3,1,0.01758,9743,5391
11268,18,1,0.00293,9745,5422
11269,18.3,1,0.00293,9745,5422
11270,17.3,0,0,9284,5415
11271,17.8,1,0.03125,9534,5411
11272,17.4,1,0.01758,9743,5391
11273,17.2,0,0.01758,9743,5391
11274,17.6,1,0.07812,9206,5430
11275,16.8,1,0.00195,9226,5417
11276,17.4,0,0.00195,9226,5417
11277,17,1,0.03125,9534,5411
11278,16.5,1,0.17188,9590,5419
11279,16.4,0,0.17188,9590,5419
11280,16.9,0,0.0625,9427,5421
11281,17.8,1,0.00293,9745,5422
11282,16.8,0,0.07812,9206,5430
11283,17.5,0,0.07812,9206,5430
11284,16.8,1,0.07812,9206,5430
11285,17.6,1,0.03516,9554,5433
11286,16.9,1,0.03516,9554,5433
11287,16.8,1,0.03516,9554,5433
11288,17.2,0,0.0332,9501,5429
11289,16.9,1,0.0332,9501,5429
11290,16.8,0,0.03516,9554,5433
11291,16.4,1,0.0625,9427,5421
11292,16.6,0,0.04492,9217,5437
11293,16.3,0,0.04492,9217,5437
11294,16.7,0,0.0332,9501,5429
11295,16.9,0,0.0332,9501,5429
11296,18.6,1,0.125,9691,5436
11297,17.9,0,0.125,9691,5436
11298,17.6,0,0.07031,9711,5441
11299,17.7,0,0.07031,9711,5441
11300,17.1,1,0.04492,9217,5437
11301,16.8,1,0.125,9691,5436
11302,18.4,1,0.125,9691,5436
11303,17,1,0.09375,9712,5446
11304,17.6,1,0.07031,9711,5441
11305,16.5,1,0.07031,9458,5432
11306,17.3,1,0.09375,9712,5446
11307,18.1,0,0.09375,9712,5446
11308,17.8,0,0.03125,9549,5458
11309,17.8,0,0.03125,9549,5458
11310,17.7,0,0.0625,9582,5451
11311,17.3,0,0.0625,9582,5451
11312,18.3,0,0.15625,9704,5452
11313,17.3,0,0.0625,9543,5459
11314,18.1,0,0.09375,9229,5359
11315,17.3,0,0.15625,9704,5452
11316,17.6,0,0.0625,9582,5451
11317,17.3,1,0.0625,9582,5451
11319,17.8,1,0.09375,9229,5359
11320,17.3,0,0.125,9433,5460
11321,17,0,0.0625,9543,5459
11322,16.2,0,0.09766,9471,5457
11323,16.6,1,0.09766,9471,5457
11324,17.7,1,0.14062,9718,5456
11325,16.9,1,0.15625,9704,5452
11326,18.4,1,0.15625,9704,5452
11327,16.1,0,0.09766,9471,5457
11328,16.2,0,0.09766,9471,5457
11329,16.9,0,0.13281,9706,5442
11330,17.5,1,0.04688,9461,5447
11331,16.5,0,0.04688,9461,5447
11332,17.3,0,0.04688,9461,5447
11333,17,1,0.04688,9461,5447
11334,17.7,0,0.09375,9229,5359
11335,17.2,0,0.14062,9718,5456
11336,17.9,1,0.13281,9210,5462
11337,17.8,1,0.13281,9210,5462
11338,14.8,0,0.13281,9210,5462
11339,17.9,0,0.04883,9525,5599
11340,17.2,0,0.03516,9381,5603
11341,17.4,1,0.16016,9320,5645
11342,17,0,0.16016,9320,5645
11343,17.7,0,0,9510,5568
11344,17.9,0,0.03516,9381,5603
11345,17.6,1,0.00391,9295,5610
11346,17.1,1,0.00391,9295,5610
11347,16.8,0,0.0625,9581,5611
11348,16.9,1,0.16016,9320,5645
11349,17.6,1,0.04883,9525,5599
11350,18.1,0,0.04883,9525,5599
11351,17.3,0,0.03613,9237,5631
11352,17.2,0,0.03613,9237,5631
11353,18.6,0,0.06836,9333,5632
11354,16.7,0,0.04688,9719,5636
11355,17.1,0,0.00781,9540,5571
11356,17.2,1,0.00586,9545,5586
11357,16.9,1,0.00391,9295,5610
11358,17.9,1,0.06836,9333,5632
11359,17.1,1,0.15625,9784,5633
11360,17,1,0.15625,9784,5633
11361,17.5,0,0.0625,9780,5642
11362,13.7,0,0.0625,9780,5642
11363,17.3,0,0.04492,9217,5607
11364,16.8,1,0.04492,9217,5607
11365,15.7,1,0.04688,9719,5636
11366,16.4,1,0.04688,9719,5636
11367,17.8,1,0.15625,9473,5637
11369,17.8,1,0.0625,9210,5643
11370,17.8,0,0.0625,9210,5643
11371,17.9,0,0.125,9594,5619
11372,16.6,1,0.15625,9784,5633
11373,17.1,1,0.04688,9586,5579
11374,17.3,0,0.04688,9586,5579
11375,17.7,0,0.15625,9691,5587
11376,16.5,1,0.07812,9206,5585
11377,16.5,0,0.07812,9206,5585
11378,16.2,1,0.0625,9347,5565
11379,17.3,0,0.04688,9586,5579
11380,16.7,0,0.07812,9282,5593
11381,16.8,0,0.07812,9282,5593
11383,17.2,0,0.04688,9589,5598
11384,17.1,1,0.04688,9589,5598
11386,16.9,1,0.04492,9217,5607
11387,16.8,1,0.04688,9606,5605
11388,16.7,0,0.04688,9606,5605
11389,17.7,1,0.125,9658,5618
11390,17.4,1,0.125,9658,5618
11391,17.8,1,0.125,9658,5618
11394,16.3,1,0.03125,9310,5630
11396,17.2,0,0.01953,9718,5647
11402,16.7,0,0.01953,9718,5647
